Workbook

Sheet Blad1
B1: opmerking | C1: ro/adhoc | F1: NR TEGEL | G1: TEGELNAAM | H1: AccountTypeNR | J1: AccountType | K1: LEVEL 2 | M1: MaxAmt | O1: MaterialGroup | P1: DeliverTo | Q1: CommonIdDomain | R1: ItemCategory | S1: Asset | T1: WBSElement | U1: SAPPurchaseGroup | V1: CurrForMinAndMaxAmt | W1: AccountCategory | X1: InternalOrder | Y1: CompanyCode | Z1: MinAmt | AA1: CommonId | AB1: Omschrijving tegel | AC1: BTW-conditietabel | AD1: btw-tarief | AE1: L/D | AF1: import indicator | AG1: GeneralLedger | AH1: Omschrijving GB | AI1: Preferred | AJ1: SubAsset | AL1: AccountType,ShipTo,MaxAmt,MaterialGroup,DeliverTo,CommonIdDomain,ItemCategory,Asset,WBSElement,SAPPurchaseGroup,CurrForMinAndMaxAmt,AccountCategory,InternalOrder,CompanyCode,MinAmt,CommonId,GeneralLedger,Preferred,SubAsset
A2: 100 | C2: RO | F2: 4 | G2: Bloemen, planten en dieren | J2: Maak je keuze | K2: Boeketten, rouwkransen en kamerplanten | O2: 10000000 | Q2: unspsc | R2: M | Y2: A010 | AA2: 1015 | AB2: Boeketten, rouwkransen en kamerplanten | AC2: A1 | AD2: 0.06 | AE2: L | AI2: True | AL2: =""""&J2&""""&","&""""&L2&""""&","&""""&M2&""""&","&""""&O2&""""&","&""""&P2&""""&","&""""&Q2&""""&","&""""&R2&""""&","&""""&S2&""""&","&""""&T2&""""&","&""""&U2&""""&","&""""&V2&""""&","&""""&W2&""""&","&""""&X2&""""&","&""""&Y2&""""&","&""""&Z2&""""&","&""""&AA2&""""&","&""""&AG2&""""&","&""""&AI2&""""&","&""""&AJ2&""""&"" -> "Maak je keuze","","","10000000","","unspsc","M","","","","","","","A010","","1015","","True",""
A3: 100 | C3: RO | F3: 4 | G3: Bloemen, planten en dieren | H3: 17 | J3: Operationele werking | K3: Boeketten, rouwkransen en kamerplanten | O3: 10000000 | Q3: unspsc | R3: M | W3: K | Y3: A010 | AA3: 1015 | AB3: Boeketten, rouwkransen en kamerplanten | AC3: A1 | AD3: 0.06 | AE3: L | AG3: 6152000300 | AH3: Recepties/vergader | AI3: False | AL3: =""""&J3&""""&","&""""&L3&""""&","&""""&M3&""""&","&""""&O3&""""&","&""""&P3&""""&","&""""&Q3&""""&","&""""&R3&""""&","&""""&S3&""""&","&""""&T3&""""&","&""""&U3&""""&","&""""&V3&""""&","&""""&W3&""""&","&""""&X3&""""&","&""""&Y3&""""&","&""""&Z3&""""&","&""""&AA3&""""&","&""""&AG3&""""&","&""""&AI3&""""&","&""""&AJ3&""""&"" -> "Operationele werking","","","10000000","","unspsc","M","","","","","K","","A010","","1015","6152000300","False",""
A4: 100 | C4: RO | F4: 4 | G4: Bloemen, planten en dieren | H4: 3 | J4: Didactisch materiaal | K4: Boeketten, rouwkransen en kamerplanten | O4: 10000000 | Q4: unspsc | R4: M | W4: K | Y4: A010 | AA4: 1015 | AB4: Boeketten, rouwkransen en kamerplanten | AC4: A1 | AD4: 0.06 | AE4: L | AG4: 6161000200 | AH4: Didactisch materiaal | AI4: False | AL4: =""""&J4&""""&","&""""&L4&""""&","&""""&M4&""""&","&""""&O4&""""&","&""""&P4&""""&","&""""&Q4&""""&","&""""&R4&""""&","&""""&S4&""""&","&""""&T4&""""&","&""""&U4&""""&","&""""&V4&""""&","&""""&W4&""""&","&""""&X4&""""&","&""""&Y4&""""&","&""""&Z4&""""&","&""""&AA4&""""&","&""""&AG4&""""&","&""""&AI4&""""&","&""""&AJ4&""""&"" -> "Didactisch materiaal","","","10000000","","unspsc","M","","","","","K","","A010","","1015","6161000200","False",""
A5: 100 | C5: RO | F5: 4 | G5: Bloemen, planten en dieren | H5: 10 | J5: Representatie externen | K5: Boeketten, rouwkransen en kamerplanten | O5: 10000000 | Q5: unspsc | R5: M | W5: K | Y5: A010 | AA5: 1015 | AB5: Boeketten, rouwkransen en kamerplanten | AC5: A1 | AD5: 0.06 | AE5: L | AG5: 6146000400 | AH5: Representatiekosten | AI5: False | AL5: =""""&J5&""""&","&""""&L5&""""&","&""""&M5&""""&","&""""&O5&""""&","&""""&P5&""""&","&""""&Q5&""""&","&""""&R5&""""&","&""""&S5&""""&","&""""&T5&""""&","&""""&U5&""""&","&""""&V5&""""&","&""""&W5&""""&","&""""&X5&""""&","&""""&Y5&""""&","&""""&Z5&""""&","&""""&AA5&""""&","&""""&AG5&""""&","&""""&AI5&""""&","&""""&AJ5&""""&"" -> "Representatie externen","","","10000000","","unspsc","M","","","","","K","","A010","","1015","6146000400","False",""
A6: 200 | C6: intern | E6: 13_Zmaakjekeuze | F6: 4 | G6: Andere zaken | H6: 15 | J6: Doorrekening binnen AG SO | K6: Doorrekening binnen AG SO | O6: 10000000 | Q6: unspsc | R6: M | W6: K | Y6: A010 | AA6: 1015 | AB6: Boeketten, rouwkransen en kamerplanten | AC6: B0 | AD6: 0 | AE6: D | AG6: 4991000100 | AH6: Doorrek binnen AGSO | AI6: False | AL6: =""""&J6&""""&","&""""&L6&""""&","&""""&M6&""""&","&""""&O6&""""&","&""""&P6&""""&","&""""&Q6&""""&","&""""&R6&""""&","&""""&S6&""""&","&""""&T6&""""&","&""""&U6&""""&","&""""&V6&""""&","&""""&W6&""""&","&""""&X6&""""&","&""""&Y6&""""&","&""""&Z6&""""&","&""""&AA6&""""&","&""""&AG6&""""&","&""""&AI6&""""&","&""""&AJ6&""""&"" -> "Doorrekening binnen AG SO","","","10000000","","unspsc","M","","","","","K","","A010","","1015","4991000100","False",""
A7: 100 | C7: RO | F7: 4 | G7: Bloemen, planten en dieren | J7: Maak je keuze | K7: Bomen, planten en struiken | O7: 10000000 | Q7: unspsc | R7: M | Y7: A010 | AA7: 1016 | AB7: Bomen, planten en struiken | AC7: A1 | AD7: 0.06 | AE7: L | AI7: True | AL7: =""""&J7&""""&","&""""&L7&""""&","&""""&M7&""""&","&""""&O7&""""&","&""""&P7&""""&","&""""&Q7&""""&","&""""&R7&""""&","&""""&S7&""""&","&""""&T7&""""&","&""""&U7&""""&","&""""&V7&""""&","&""""&W7&""""&","&""""&X7&""""&","&""""&Y7&""""&","&""""&Z7&""""&","&""""&AA7&""""&","&""""&AG7&""""&","&""""&AI7&""""&","&""""&AJ7&""""&"" -> "Maak je keuze","","","10000000","","unspsc","M","","","","","","","A010","","1016","","True",""
A8: 100 | C8: RO | F8: 4 | G8: Bloemen, planten en dieren | H8: 17 | J8: Operationele werking | K8: Bomen, planten en struiken | O8: 10000000 | Q8: unspsc | R8: M | W8: K | Y8: A010 | AA8: 1016 | AB8: Bomen, planten en struiken | AC8: A1 | AD8: 0.06 | AE8: L | AG8: 6146000900 | AH8: Kantoorkosten | AI8: False | AL8: =""""&J8&""""&","&""""&L8&""""&","&""""&M8&""""&","&""""&O8&""""&","&""""&P8&""""&","&""""&Q8&""""&","&""""&R8&""""&","&""""&S8&""""&","&""""&T8&""""&","&""""&U8&""""&","&""""&V8&""""&","&""""&W8&""""&","&""""&X8&""""&","&""""&Y8&""""&","&""""&Z8&""""&","&""""&AA8&""""&","&""""&AG8&""""&","&""""&AI8&""""&","&""""&AJ8&""""&"" -> "Operationele werking","","","10000000","","unspsc","M","","","","","K","","A010","","1016","6146000900","False",""
A9: 100 | C9: RO | F9: 4 | G9: Bloemen, planten en dieren | H9: 2 | J9: Aankoop voor doorverkoop niet onderwijs | K9: Bomen, planten en struiken | O9: 10000000 | Q9: unspsc | R9: M | W9: K | Y9: A010 | AA9: 1016 | AB9: Bomen, planten en struiken | AC9: A1 | AD9: 0.06 | AE9: L | AG9: 6030000300 | AH9: Aank divers n ond | AI9: False | AL9: =""""&J9&""""&","&""""&L9&""""&","&""""&M9&""""&","&""""&O9&""""&","&""""&P9&""""&","&""""&Q9&""""&","&""""&R9&""""&","&""""&S9&""""&","&""""&T9&""""&","&""""&U9&""""&","&""""&V9&""""&","&""""&W9&""""&","&""""&X9&""""&","&""""&Y9&""""&","&""""&Z9&""""&","&""""&AA9&""""&","&""""&AG9&""""&","&""""&AI9&""""&","&""""&AJ9&""""&"" -> "Aankoop voor doorverkoop niet onderwijs","","","10000000","","unspsc","M","","","","","K","","A010","","1016","6030000300","False",""
A10: 100 | C10: RO | F10: 4 | G10: Bloemen, planten en dieren | H10: 3 | J10: Didactisch materiaal | K10: Bomen, planten en struiken | O10: 10000000 | Q10: unspsc | R10: M | W10: K | Y10: A010 | AA10: 1016 | AB10: Bomen, planten en struiken | AC10: A1 | AD10: 0.06 | AE10: L | AG10: 6161000200 | AH10: Didactisch materiaal | AI10: False | AL10: =""""&J10&""""&","&""""&L10&""""&","&""""&M10&""""&","&""""&O10&""""&","&""""&P10&""""&","&""""&Q10&""""&","&""""&R10&""""&","&""""&S10&""""&","&""""&T10&""""&","&""""&U10&""""&","&""""&V10&""""&","&""""&W10&""""&","&""""&X10&""""&","&""""&Y10&""""&","&""""&Z10&""""&","&""""&AA10&""""&","&""""&AG10&""""&","&""""&AI10&""""&","&""""&AJ10&""""&"" -> "Didactisch materiaal","","","10000000","","unspsc","M","","","","","K","","A010","","1016","6161000200","False",""
A11: 100 | C11: RO | F11: 4 | G11: Bloemen, planten en dieren | H11: 9 | J11: Investering | K11: Bomen, planten en struiken | O11: 10000000 | Q11: unspsc | R11: M | W11: A | Y11: A010 | AA11: 1016 | AB11: Bomen, planten en struiken | AC11: A1 | AD11: 0.06 | AE11: L | AG11: 2231000000 | AH11: VA erfp ond/werk | AI11: False | AL11: =""""&J11&""""&","&""""&L11&""""&","&""""&M11&""""&","&""""&O11&""""&","&""""&P11&""""&","&""""&Q11&""""&","&""""&R11&""""&","&""""&S11&""""&","&""""&T11&""""&","&""""&U11&""""&","&""""&V11&""""&","&""""&W11&""""&","&""""&X11&""""&","&""""&Y11&""""&","&""""&Z11&""""&","&""""&AA11&""""&","&""""&AG11&""""&","&""""&AI11&""""&","&""""&AJ11&""""&"" -> "Investering","","","10000000","","unspsc","M","","","","","A","","A010","","1016","2231000000","False",""
A12: 100 | C12: RO | F12: 4 | G12: Bloemen, planten en dieren | H12: 9 | J12: Doorrekening binnen AG SO | K12: Bomen, planten en struiken | O12: 10000000 | Q12: unspsc | R12: M | W12: K | Y12: A010 | AA12: 1016 | AB12: Bomen, planten en struiken | AC12: B0 | AD12: 0 | AE12: D | AG12: 4991000100 | AH12: Doorrek binnen AGSO | AI12: False | AL12: =""""&J12&""""&","&""""&L12&""""&","&""""&M12&""""&","&""""&O12&""""&","&""""&P12&""""&","&""""&Q12&""""&","&""""&R12&""""&","&""""&S12&""""&","&""""&T12&""""&","&""""&U12&""""&","&""""&V12&""""&","&""""&W12&""""&","&""""&X12&""""&","&""""&Y12&""""&","&""""&Z12&""""&","&""""&AA12&""""&","&""""&AG12&""""&","&""""&AI12&""""&","&""""&AJ12&""""&"" -> "Doorrekening binnen AG SO","","","10000000","","unspsc","M","","","","","K","","A010","","1016","4991000100","False",""
A13: 100 | C13: enkel adhoc | F13: 4 | G13: Bloemen, planten en dieren | J13: Maak je keuze | K13: Dierenbenodigdheden | O13: 10000000 | Q13: unspsc | R13: M | Y13: A010 | AA13: 1013 | AB13: Dieren en benodigdheden | AC13: A3 | AD13: 0.21 | AE13: L | AI13: True | AL13: =""""&J13&""""&","&""""&L13&""""&","&""""&M13&""""&","&""""&O13&""""&","&""""&P13&""""&","&""""&Q13&""""&","&""""&R13&""""&","&""""&S13&""""&","&""""&T13&""""&","&""""&U13&""""&","&""""&V13&""""&","&""""&W13&""""&","&""""&X13&""""&","&""""&Y13&""""&","&""""&Z13&""""&","&""""&AA13&""""&","&""""&AG13&""""&","&""""&AI13&""""&","&""""&AJ13&""""&"" -> "Maak je keuze","","","10000000","","unspsc","M","","","","","","","A010","","1013","","True",""
A14: 100 | C14: enkel adhoc | F14: 4 | G14: Bloemen, planten en dieren | H14: 17 | J14: Operationele werking | K14: Dierenbenodigdheden | O14: 10000000 | Q14: unspsc | R14: M | W14: K | Y14: A010 | AA14: 1013 | AB14: Dieren en benodigdheden | AC14: A3 | AD14: 0.21 | AE14: L | AG14: 6141100100 | AH14: Tech ben/gereeds RG | AI14: False | AL14: =""""&J14&""""&","&""""&L14&""""&","&""""&M14&""""&","&""""&O14&""""&","&""""&P14&""""&","&""""&Q14&""""&","&""""&R14&""""&","&""""&S14&""""&","&""""&T14&""""&","&""""&U14&""""&","&""""&V14&""""&","&""""&W14&""""&","&""""&X14&""""&","&""""&Y14&""""&","&""""&Z14&""""&","&""""&AA14&""""&","&""""&AG14&""""&","&""""&AI14&""""&","&""""&AJ14&""""&"" -> "Operationele werking","","","10000000","","unspsc","M","","","","","K","","A010","","1013","6141100100","False",""
A15: 100 | C15: enkel adhoc | F15: 4 | G15: Bloemen, planten en dieren | H15: 3 | J15: Didactisch materiaal | K15: Dierenbenodigdheden | O15: 10000000 | Q15: unspsc | R15: M | W15: K | Y15: A010 | AA15: 1013 | AB15: Dieren en benodigdheden | AC15: A3 | AD15: 0.21 | AE15: L | AG15: 6161000200 | AH15: Didactisch materiaal | AI15: False | AL15: =""""&J15&""""&","&""""&L15&""""&","&""""&M15&""""&","&""""&O15&""""&","&""""&P15&""""&","&""""&Q15&""""&","&""""&R15&""""&","&""""&S15&""""&","&""""&T15&""""&","&""""&U15&""""&","&""""&V15&""""&","&""""&W15&""""&","&""""&X15&""""&","&""""&Y15&""""&","&""""&Z15&""""&","&""""&AA15&""""&","&""""&AG15&""""&","&""""&AI15&""""&","&""""&AJ15&""""&"" -> "Didactisch materiaal","","","10000000","","unspsc","M","","","","","K","","A010","","1013","6161000200","False",""
A16: 100 | C16: RO | D16: 7 & 14 | F16: 7 | G16: Voertuigen & Transport | J16: Maak je keuze | K16: Aankoop/Huur rollend materieel | O16: 25000000 | Q16: unspsc | R16: M | Y16: A010 | AA16: 2510 | AB16: Aankoop rollend materieel (auto, fiets) | AC16: A3 | AD16: 0.21 | AE16: L | AI16: True | AL16: =""""&J16&""""&","&""""&L16&""""&","&""""&M16&""""&","&""""&O16&""""&","&""""&P16&""""&","&""""&Q16&""""&","&""""&R16&""""&","&""""&S16&""""&","&""""&T16&""""&","&""""&U16&""""&","&""""&V16&""""&","&""""&W16&""""&","&""""&X16&""""&","&""""&Y16&""""&","&""""&Z16&""""&","&""""&AA16&""""&","&""""&AG16&""""&","&""""&AI16&""""&","&""""&AJ16&""""&"" -> "Maak je keuze","","","25000000","","unspsc","M","","","","","","","A010","","2510","","True",""
A17: 100 | C17: RO | D17: 7 & 14 | F17: 7 | G17: Voertuigen & Transport | H17: 17 | J17: Operationele werking | K17: Aankoop/Huur rollend materieel | O17: 25000000 | Q17: unspsc | R17: M | W17: K | Y17: A010 | AA17: 2510 | AB17: Aankoop rollend materieel (auto, fiets) | AC17: A3 | AD17: 0.21 | AE17: L | AG17: 6142000100 | AH17: Leasing/huur voert | AI17: False | AL17: =""""&J17&""""&","&""""&L17&""""&","&""""&M17&""""&","&""""&O17&""""&","&""""&P17&""""&","&""""&Q17&""""&","&""""&R17&""""&","&""""&S17&""""&","&""""&T17&""""&","&""""&U17&""""&","&""""&V17&""""&","&""""&W17&""""&","&""""&X17&""""&","&""""&Y17&""""&","&""""&Z17&""""&","&""""&AA17&""""&","&""""&AG17&""""&","&""""&AI17&""""&","&""""&AJ17&""""&"" -> "Operationele werking","","","25000000","","unspsc","M","","","","","K","","A010","","2510","6142000100","False",""
A18: 100 | C18: RO | D18: 7 & 14 | F18: 7 | G18: Voertuigen & Transport | H18: 9 | J18: Investering | K18: Aankoop/Huur rollend materieel | O18: 25000000 | Q18: unspsc | R18: M | W18: A | Y18: A010 | AA18: 2510 | AB18: Aankoop rollend materieel (auto, fiets) | AC18: A3 | AD18: 0.21 | AE18: L | AG18: 2410000000 | AH18: Fietsen | AI18: False | AL18: =""""&J18&""""&","&""""&L18&""""&","&""""&M18&""""&","&""""&O18&""""&","&""""&P18&""""&","&""""&Q18&""""&","&""""&R18&""""&","&""""&S18&""""&","&""""&T18&""""&","&""""&U18&""""&","&""""&V18&""""&","&""""&W18&""""&","&""""&X18&""""&","&""""&Y18&""""&","&""""&Z18&""""&","&""""&AA18&""""&","&""""&AG18&""""&","&""""&AI18&""""&","&""""&AJ18&""""&"" -> "Investering","","","25000000","","unspsc","M","","","","","A","","A010","","2510","2410000000","False",""
A19: 100 | C19: enkel adhoc | F19: 14 | G19: FD | J19: Maak je keuze | O19: 27000000 | Q19: unspsc | R19: M | Y19: A010 | AA19: 2712 | AB19: Technisch materiaal - aangedreven gereedschap | AC19: A3 | AD19: 0.21 | AE19: L | AI19: True | AL19: =""""&J19&""""&","&""""&L19&""""&","&""""&M19&""""&","&""""&O19&""""&","&""""&P19&""""&","&""""&Q19&""""&","&""""&R19&""""&","&""""&S19&""""&","&""""&T19&""""&","&""""&U19&""""&","&""""&V19&""""&","&""""&W19&""""&","&""""&X19&""""&","&""""&Y19&""""&","&""""&Z19&""""&","&""""&AA19&""""&","&""""&AG19&""""&","&""""&AI19&""""&","&""""&AJ19&""""&"" -> "Maak je keuze","","","27000000","","unspsc","M","","","","","","","A010","","2712","","True",""
A20: 100 | C20: enkel adhoc | F20: 14 | G20: FD | H20: 17 | J20: Operationele werking | O20: 27000000 | Q20: unspsc | R20: M | W20: K | Y20: A010 | AA20: 2712 | AB20: Technisch materiaal - aangedreven gereedschap | AC20: A3 | AD20: 0.21 | AE20: L | AG20: 6141100100 | AH20: Tech ben/gereeds RG | AI20: False | AL20: =""""&J20&""""&","&""""&L20&""""&","&""""&M20&""""&","&""""&O20&""""&","&""""&P20&""""&","&""""&Q20&""""&","&""""&R20&""""&","&""""&S20&""""&","&""""&T20&""""&","&""""&U20&""""&","&""""&V20&""""&","&""""&W20&""""&","&""""&X20&""""&","&""""&Y20&""""&","&""""&Z20&""""&","&""""&AA20&""""&","&""""&AG20&""""&","&""""&AI20&""""&","&""""&AJ20&""""&"" -> "Operationele werking","","","27000000","","unspsc","M","","","","","K","","A010","","2712","6141100100","False",""
A21: 100 | B21: Dit unspsc evengoed gebruiken voor de lasercutters en de 3D printers | C21: enkel adhoc | F21: 14 | G21: FD | H21: 9 | J21: Investering | O21: 27000000 | Q21: unspsc | R21: M | W21: A | Y21: A010 | AA21: 2712 | AB21: Technisch materiaal - aangedreven gereedschap | AC21: A3 | AD21: 0.21 | AE21: L | AG21: 2301000000 | AH21: Mach en gereed | AI21: False | AL21: =""""&J21&""""&","&""""&L21&""""&","&""""&M21&""""&","&""""&O21&""""&","&""""&P21&""""&","&""""&Q21&""""&","&""""&R21&""""&","&""""&S21&""""&","&""""&T21&""""&","&""""&U21&""""&","&""""&V21&""""&","&""""&W21&""""&","&""""&X21&""""&","&""""&Y21&""""&","&""""&Z21&""""&","&""""&AA21&""""&","&""""&AG21&""""&","&""""&AI21&""""&","&""""&AJ21&""""&"" -> "Investering","","","27000000","","unspsc","M","","","","","A","","A010","","2712","2301000000","False",""
A22: 100 | B22: van tegel 5 naar 6 overgebracht; ook in 14 aanwezig | C22: RO | F22: 14 | G22: FD | J22: Maak je keuze | O22: 27000000 | Q22: unspsc | R22: M | Y22: A010 | AA22: 27 | AB22: Technisch materiaal - kleine machines en gereedschappen | AC22: A3 | AD22: 0.21 | AE22: L | AI22: True | AL22: =""""&J22&""""&","&""""&L22&""""&","&""""&M22&""""&","&""""&O22&""""&","&""""&P22&""""&","&""""&Q22&""""&","&""""&R22&""""&","&""""&S22&""""&","&""""&T22&""""&","&""""&U22&""""&","&""""&V22&""""&","&""""&W22&""""&","&""""&X22&""""&","&""""&Y22&""""&","&""""&Z22&""""&","&""""&AA22&""""&","&""""&AG22&""""&","&""""&AI22&""""&","&""""&AJ22&""""&"" -> "Maak je keuze","","","27000000","","unspsc","M","","","","","","","A010","","27","","True",""
A23: 100 | B23: van tegel 5 naar 6 overgebracht; ook in 14 aanwezig | C23: RO | D23: 6 & 14 | F23: 14 | G23: FD | H23: 17 | J23: Operationele werking | O23: 27000000 | Q23: unspsc | R23: M | W23: K | Y23: A010 | AA23: 27 | AB23: Technisch materiaal - kleine machines en gereedschappen | AC23: A3 | AD23: 0.21 | AE23: L | AG23: 6141100100 | AH23: Tech ben/gereeds RG | AI23: False | AL23: =""""&J23&""""&","&""""&L23&""""&","&""""&M23&""""&","&""""&O23&""""&","&""""&P23&""""&","&""""&Q23&""""&","&""""&R23&""""&","&""""&S23&""""&","&""""&T23&""""&","&""""&U23&""""&","&""""&V23&""""&","&""""&W23&""""&","&""""&X23&""""&","&""""&Y23&""""&","&""""&Z23&""""&","&""""&AA23&""""&","&""""&AG23&""""&","&""""&AI23&""""&","&""""&AJ23&""""&"" -> "Operationele werking","","","27000000","","unspsc","M","","","","","K","","A010","","27","6141100100","False",""
A24: 100 | B24: van tegel 5 naar 6 overgebracht; ook in 14 aanwezig | C24: RO | D24: 6 & 14 | F24: 14 | G24: FD | H24: 9 | J24: Investering | O24: 27000000 | Q24: unspsc | R24: M | W24: A | Y24: A010 | AA24: 27 | AB24: Technisch materiaal - kleine machines en gereedschappen | AC24: A3 | AD24: 0.21 | AE24: L | AG24: 2301000000 | AH24: Mach en gereed | AI24: False | AL24: =""""&J24&""""&","&""""&L24&""""&","&""""&M24&""""&","&""""&O24&""""&","&""""&P24&""""&","&""""&Q24&""""&","&""""&R24&""""&","&""""&S24&""""&","&""""&T24&""""&","&""""&U24&""""&","&""""&V24&""""&","&""""&W24&""""&","&""""&X24&""""&","&""""&Y24&""""&","&""""&Z24&""""&","&""""&AA24&""""&","&""""&AG24&""""&","&""""&AI24&""""&","&""""&AJ24&""""&"" -> "Investering","","","27000000","","unspsc","M","","","","","A","","A010","","27","2301000000","False",""
A25: 100 | C25: enkel adhoc | D25: 6&14 | E25: 6_Zmaakjekeuze | F25: 6 | G25: Bouw en techniek | J25: Maak je keuze | K25: Onderhoud en herstelling gebouw | O25: 30000000 | Q25: unspsc | R25: M | Y25: A010 | AA25: 30 | AB25: Bouw- en afwerkingsmaterialen 21% | AC25: A3 | AD25: 0.21 | AE25: L | AI25: True | AL25: =""""&J25&""""&","&""""&L25&""""&","&""""&M25&""""&","&""""&O25&""""&","&""""&P25&""""&","&""""&Q25&""""&","&""""&R25&""""&","&""""&S25&""""&","&""""&T25&""""&","&""""&U25&""""&","&""""&V25&""""&","&""""&W25&""""&","&""""&X25&""""&","&""""&Y25&""""&","&""""&Z25&""""&","&""""&AA25&""""&","&""""&AG25&""""&","&""""&AI25&""""&","&""""&AJ25&""""&"" -> "Maak je keuze","","","30000000","","unspsc","M","","","","","","","A010","","30","","True",""
A26: 100 | B26: overal unspsc 30 gebruiken - tegel 6 als 14- identiek GB& Accounttype als bij 31 (31 mag weg) | C26: RO | E26: 6_Zmaakjekeuze | F26: 6 | G26: Bouw en techniek | H26: 17 | J26: Operationele werking | K26: Onderhoud en herstelling gebouw | O26: 30000000 | Q26: unspsc | R26: M | W26: K | Y26: A010 | AA26: 30 | AB26: Bouw- en afwerkingsmaterialen 21% | AC26: A3 | AD26: 0.21 | AE26: L | AG26: 6141100100 | AH26: Tech ben/gereeds RG | AI26: False | AL26: =""""&J26&""""&","&""""&L26&""""&","&""""&M26&""""&","&""""&O26&""""&","&""""&P26&""""&","&""""&Q26&""""&","&""""&R26&""""&","&""""&S26&""""&","&""""&T26&""""&","&""""&U26&""""&","&""""&V26&""""&","&""""&W26&""""&","&""""&X26&""""&","&""""&Y26&""""&","&""""&Z26&""""&","&""""&AA26&""""&","&""""&AG26&""""&","&""""&AI26&""""&","&""""&AJ26&""""&"" -> "Operationele werking","","","30000000","","unspsc","M","","","","","K","","A010","","30","6141100100","False",""
A27: 100 | B27: overal unspsc 30 gebruiken - tegel 6 als 14- identiek GB& Accounttype als bij 31 (31 mag weg) | C27: RO | E27: 6_Zmaakjekeuze | F27: 6 | G27: Bouw en techniek | H27: 9 | J27: Investering | K27: Onderhoud en herstelling gebouw | O27: 30000000 | Q27: unspsc | R27: M | W27: A | Y27: A010 | AA27: 30 | AB27: Bouw- en afwerkingsmaterialen 21% | AC27: A3 | AD27: 0.21 | AE27: L | AG27: 2301000000 | AH27: Mach en gereed | AI27: False | AL27: =""""&J27&""""&","&""""&L27&""""&","&""""&M27&""""&","&""""&O27&""""&","&""""&P27&""""&","&""""&Q27&""""&","&""""&R27&""""&","&""""&S27&""""&","&""""&T27&""""&","&""""&U27&""""&","&""""&V27&""""&","&""""&W27&""""&","&""""&X27&""""&","&""""&Y27&""""&","&""""&Z27&""""&","&""""&AA27&""""&","&""""&AG27&""""&","&""""&AI27&""""&","&""""&AJ27&""""&"" -> "Investering","","","30000000","","unspsc","M","","","","","A","","A010","","30","2301000000","False",""
A28: 100 | C28: RO | E28: 14_Zmaakjekeuze | F28: 14 | G28: FD | J28: Maak je keuze | O28: 31000000 | Q28: unspsc | R28: M | Y28: A010 | AA28: 31 | AB28: Technisch materiaal - bouw en afwerkingsmaterialen 6% | AC28: A1 | AD28: 0.06 | AE28: L | AI28: True | AL28: =""""&J28&""""&","&""""&L28&""""&","&""""&M28&""""&","&""""&O28&""""&","&""""&P28&""""&","&""""&Q28&""""&","&""""&R28&""""&","&""""&S28&""""&","&""""&T28&""""&","&""""&U28&""""&","&""""&V28&""""&","&""""&W28&""""&","&""""&X28&""""&","&""""&Y28&""""&","&""""&Z28&""""&","&""""&AA28&""""&","&""""&AG28&""""&","&""""&AI28&""""&","&""""&AJ28&""""&"" -> "Maak je keuze","","","31000000","","unspsc","M","","","","","","","A010","","31","","True",""
A29: 100 | C29: RO | E29: 14_Zmaakjekeuze | F29: 14 | G29: FD | H29: 17 | J29: Operationele werking | O29: 31000000 | Q29: unspsc | R29: M | W29: K | Y29: A010 | AA29: 31 | AB29: Technisch materiaal - bouw en afwerkingsmaterialen 6% | AC29: A1 | AD29: 0.06 | AE29: L | AG29: 6141100100 | AH29: Tech ben/gereeds RG | AI29: False | AL29: =""""&J29&""""&","&""""&L29&""""&","&""""&M29&""""&","&""""&O29&""""&","&""""&P29&""""&","&""""&Q29&""""&","&""""&R29&""""&","&""""&S29&""""&","&""""&T29&""""&","&""""&U29&""""&","&""""&V29&""""&","&""""&W29&""""&","&""""&X29&""""&","&""""&Y29&""""&","&""""&Z29&""""&","&""""&AA29&""""&","&""""&AG29&""""&","&""""&AI29&""""&","&""""&AJ29&""""&"" -> "Operationele werking","","","31000000","","unspsc","M","","","","","K","","A010","","31","6141100100","False",""
A30: 100 | C30: RO | E30: 14_Zmaakjekeuze | F30: 14 | G30: FD | H30: 9 | J30: Investering | O30: 31000000 | Q30: unspsc | R30: M | W30: A | Y30: A010 | AA30: 31 | AB30: Technisch materiaal - bouw en afwerkingsmaterialen 6% | AC30: A1 | AD30: 0.06 | AE30: L | AG30: 2301000000 | AH30: Mach en gereed | AI30: False | AL30: =""""&J30&""""&","&""""&L30&""""&","&""""&M30&""""&","&""""&O30&""""&","&""""&P30&""""&","&""""&Q30&""""&","&""""&R30&""""&","&""""&S30&""""&","&""""&T30&""""&","&""""&U30&""""&","&""""&V30&""""&","&""""&W30&""""&","&""""&X30&""""&","&""""&Y30&""""&","&""""&Z30&""""&","&""""&AA30&""""&","&""""&AG30&""""&","&""""&AI30&""""&","&""""&AJ30&""""&"" -> "Investering","","","31000000","","unspsc","M","","","","","A","","A010","","31","2301000000","False",""
A31: 100 | C31: RO | D31: 6 & 14 | F31: 14 | G31: FD | J31: Maak je keuze | O31: 39000000 | Q31: unspsc | R31: M | Y31: A010 | AA31: 39 | AB31: Technisch materiaal - elektriciteit | AC31: A3 | AD31: 0.21 | AE31: L | AI31: True | AL31: =""""&J31&""""&","&""""&L31&""""&","&""""&M31&""""&","&""""&O31&""""&","&""""&P31&""""&","&""""&Q31&""""&","&""""&R31&""""&","&""""&S31&""""&","&""""&T31&""""&","&""""&U31&""""&","&""""&V31&""""&","&""""&W31&""""&","&""""&X31&""""&","&""""&Y31&""""&","&""""&Z31&""""&","&""""&AA31&""""&","&""""&AG31&""""&","&""""&AI31&""""&","&""""&AJ31&""""&"" -> "Maak je keuze","","","39000000","","unspsc","M","","","","","","","A010","","39","","True",""
A32: 100 | C32: RO | D32: 6 & 14 | F32: 14 | G32: FD | H32: 17 | J32: Operationele werking | O32: 39000000 | Q32: unspsc | R32: M | W32: K | Y32: A010 | AA32: 39 | AB32: Technisch materiaal - elektriciteit | AC32: A3 | AD32: 0.21 | AE32: L | AG32: 6141100100 | AH32: Tech ben/gereeds RG | AI32: False | AL32: =""""&J32&""""&","&""""&L32&""""&","&""""&M32&""""&","&""""&O32&""""&","&""""&P32&""""&","&""""&Q32&""""&","&""""&R32&""""&","&""""&S32&""""&","&""""&T32&""""&","&""""&U32&""""&","&""""&V32&""""&","&""""&W32&""""&","&""""&X32&""""&","&""""&Y32&""""&","&""""&Z32&""""&","&""""&AA32&""""&","&""""&AG32&""""&","&""""&AI32&""""&","&""""&AJ32&""""&"" -> "Operationele werking","","","39000000","","unspsc","M","","","","","K","","A010","","39","6141100100","False",""
A33: 100 | C33: RO | D33: 6 & 14 | F33: 14 | G33: FD | H33: 9 | J33: Investering | O33: 39000000 | Q33: unspsc | R33: M | W33: A | Y33: A010 | AA33: 39 | AB33: Technisch materiaal - elektriciteit | AC33: A3 | AD33: 0.21 | AE33: L | AG33: 2301000000 | AH33: Mach en gereed | AI33: False | AL33: =""""&J33&""""&","&""""&L33&""""&","&""""&M33&""""&","&""""&O33&""""&","&""""&P33&""""&","&""""&Q33&""""&","&""""&R33&""""&","&""""&S33&""""&","&""""&T33&""""&","&""""&U33&""""&","&""""&V33&""""&","&""""&W33&""""&","&""""&X33&""""&","&""""&Y33&""""&","&""""&Z33&""""&","&""""&AA33&""""&","&""""&AG33&""""&","&""""&AI33&""""&","&""""&AJ33&""""&"" -> "Investering","","","39000000","","unspsc","M","","","","","A","","A010","","39","2301000000","False",""
A34: 100 | B34: Unspsc 4015 voorzien in adhoc- installaties maar algemeen, geen specificatie van de installatie=> unspsc 4015 Aankoop/ huur installatie | C34: RO | F34: 14 | G34: FD | J34: Maak je keuze | O34: 40000000 | Q34: unspsc | R34: M | Y34: A010 | AA34: 4015 | AB34: Aankoop installatie | AC34: B3 | AD34: 0.21 | AE34: D | AI34: True | AL34: =""""&J34&""""&","&""""&L34&""""&","&""""&M34&""""&","&""""&O34&""""&","&""""&P34&""""&","&""""&Q34&""""&","&""""&R34&""""&","&""""&S34&""""&","&""""&T34&""""&","&""""&U34&""""&","&""""&V34&""""&","&""""&W34&""""&","&""""&X34&""""&","&""""&Y34&""""&","&""""&Z34&""""&","&""""&AA34&""""&","&""""&AG34&""""&","&""""&AI34&""""&","&""""&AJ34&""""&"" -> "Maak je keuze","","","40000000","","unspsc","M","","","","","","","A010","","4015","","True",""
A35: 100 | B35: Unspsc 4015 voorzien in adhoc- installaties maar algemeen, geen specificatie van de installatie=> unspsc 4015 Aankoop/ huur installatie | C35: RO | F35: 14 | G35: FD | H35: 17 | J35: Operationele werking | O35: 40000000 | Q35: unspsc | R35: M | W35: K | Y35: A010 | AA35: 4015 | AB35: Aankoop installatie | AC35: B3 | AD35: 0.21 | AE35: D | AG35: 6141000100 | AH35: Leasing/huur RG nrol | AI35: False | AL35: =""""&J35&""""&","&""""&L35&""""&","&""""&M35&""""&","&""""&O35&""""&","&""""&P35&""""&","&""""&Q35&""""&","&""""&R35&""""&","&""""&S35&""""&","&""""&T35&""""&","&""""&U35&""""&","&""""&V35&""""&","&""""&W35&""""&","&""""&X35&""""&","&""""&Y35&""""&","&""""&Z35&""""&","&""""&AA35&""""&","&""""&AG35&""""&","&""""&AI35&""""&","&""""&AJ35&""""&"" -> "Operationele werking","","","40000000","","unspsc","M","","","","","K","","A010","","4015","6141000100","False",""
A36: 100 | B36: Unspsc 4015 voorzien in adhoc- installaties maar algemeen, geen specificatie van de installatie=> unspsc 4015 Aankoop/ huur installatie | C36: RO | F36: 14 | G36: FD | H36: 9 | J36: Investering | O36: 40000000 | Q36: unspsc | R36: M | W36: A | Y36: A010 | AA36: 4015 | AB36: Aankoop installatie | AC36: B3 | AD36: 0.21 | AE36: D | AG36: 2300000000 | AH36: Ins/ma/uitr | AI36: False | AL36: =""""&J36&""""&","&""""&L36&""""&","&""""&M36&""""&","&""""&O36&""""&","&""""&P36&""""&","&""""&Q36&""""&","&""""&R36&""""&","&""""&S36&""""&","&""""&T36&""""&","&""""&U36&""""&","&""""&V36&""""&","&""""&W36&""""&","&""""&X36&""""&","&""""&Y36&""""&","&""""&Z36&""""&","&""""&AA36&""""&","&""""&AG36&""""&","&""""&AI36&""""&","&""""&AJ36&""""&"" -> "Investering","","","40000000","","unspsc","M","","","","","A","","A010","","4015","2300000000","False",""
A37: 100 | C37: RO | F37: 5 | G37: Elektrotoestellen, machines en gereedschappen | J37: Maak je keuze | K37: ICT- materiaal | O37: 43000000 | Q37: unspsc | R37: M | Y37: A010 | AA37: 43211720 | AB37: Betaalterminaal | AC37: A3 | AD37: 0.21 | AE37: L | AI37: True | AL37: =""""&J37&""""&","&""""&L37&""""&","&""""&M37&""""&","&""""&O37&""""&","&""""&P37&""""&","&""""&Q37&""""&","&""""&R37&""""&","&""""&S37&""""&","&""""&T37&""""&","&""""&U37&""""&","&""""&V37&""""&","&""""&W37&""""&","&""""&X37&""""&","&""""&Y37&""""&","&""""&Z37&""""&","&""""&AA37&""""&","&""""&AG37&""""&","&""""&AI37&""""&","&""""&AJ37&""""&"" -> "Maak je keuze","","","43000000","","unspsc","M","","","","","","","A010","","43211720","","True",""
A38: 100 | C38: RO | F38: 5 | G38: Elektrotoestellen, machines en gereedschappen | H38: 17 | J38: Operationele werking | K38: ICT- materiaal | O38: 43000000 | Q38: unspsc | R38: M | W38: K | Y38: A010 | AA38: 43211720 | AB38: Betaalterminaal | AC38: A3 | AD38: 0.21 | AE38: L | AG38: 6141000100 | AH38: Leasing/huur RG nrol | AI38: False | AL38: =""""&J38&""""&","&""""&L38&""""&","&""""&M38&""""&","&""""&O38&""""&","&""""&P38&""""&","&""""&Q38&""""&","&""""&R38&""""&","&""""&S38&""""&","&""""&T38&""""&","&""""&U38&""""&","&""""&V38&""""&","&""""&W38&""""&","&""""&X38&""""&","&""""&Y38&""""&","&""""&Z38&""""&","&""""&AA38&""""&","&""""&AG38&""""&","&""""&AI38&""""&","&""""&AJ38&""""&"" -> "Operationele werking","","","43000000","","unspsc","M","","","","","K","","A010","","43211720","6141000100","False",""
A39: 100 | C39: RO | F39: 5 | G39: Elektrotoestellen, machines en gereedschappen | H39: 9 | J39: Investering | K39: ICT- materiaal | O39: 43000000 | Q39: unspsc | R39: M | W39: A | Y39: A010 | AA39: 43211720 | AB39: Betaalterminaal | AC39: A3 | AD39: 0.21 | AE39: L | AG39: 2301000000 | AH39: Mach en gereed | AI39: False | AL39: =""""&J39&""""&","&""""&L39&""""&","&""""&M39&""""&","&""""&O39&""""&","&""""&P39&""""&","&""""&Q39&""""&","&""""&R39&""""&","&""""&S39&""""&","&""""&T39&""""&","&""""&U39&""""&","&""""&V39&""""&","&""""&W39&""""&","&""""&X39&""""&","&""""&Y39&""""&","&""""&Z39&""""&","&""""&AA39&""""&","&""""&AG39&""""&","&""""&AI39&""""&","&""""&AJ39&""""&"" -> "Investering","","","43000000","","unspsc","M","","","","","A","","A010","","43211720","2301000000","False",""
A40: 100 | C40: RO | F40: 5 | G40: Elektrotoestellen, machines en gereedschappen | J40: Maak je keuze | K40: ICT- materiaal | O40: 43000000 | Q40: unspsc | R40: M | Y40: A010 | AA40: 43211699 | AB40: IT randapparatuur en multimedia, klein ict incl. 2de hands | AC40: A3 | AD40: 0.21 | AE40: L | AI40: True | AL40: =""""&J40&""""&","&""""&L40&""""&","&""""&M40&""""&","&""""&O40&""""&","&""""&P40&""""&","&""""&Q40&""""&","&""""&R40&""""&","&""""&S40&""""&","&""""&T40&""""&","&""""&U40&""""&","&""""&V40&""""&","&""""&W40&""""&","&""""&X40&""""&","&""""&Y40&""""&","&""""&Z40&""""&","&""""&AA40&""""&","&""""&AG40&""""&","&""""&AI40&""""&","&""""&AJ40&""""&"" -> "Maak je keuze","","","43000000","","unspsc","M","","","","","","","A010","","43211699","","True",""
A41: 100 | C41: RO | F41: 5 | G41: Elektrotoestellen, machines en gereedschappen | H41: 17 | J41: Operationele werking | K41: ICT- materiaal | O41: 43000000 | Q41: unspsc | R41: M | W41: K | Y41: A010 | AA41: 43211699 | AB41: IT randapparatuur en multimedia, klein ict incl. 2de hands | AC41: A3 | AD41: 0.21 | AE41: L | AG41: 6146000900 | AH41: Kantoorkosten | AI41: False | AL41: =""""&J41&""""&","&""""&L41&""""&","&""""&M41&""""&","&""""&O41&""""&","&""""&P41&""""&","&""""&Q41&""""&","&""""&R41&""""&","&""""&S41&""""&","&""""&T41&""""&","&""""&U41&""""&","&""""&V41&""""&","&""""&W41&""""&","&""""&X41&""""&","&""""&Y41&""""&","&""""&Z41&""""&","&""""&AA41&""""&","&""""&AG41&""""&","&""""&AI41&""""&","&""""&AJ41&""""&"" -> "Operationele werking","","","43000000","","unspsc","M","","","","","K","","A010","","43211699","6146000900","False",""
A42: 100 | C42: RO | F42: 5 | G42: Elektrotoestellen, machines en gereedschappen | H42: 9 | J42: Investering | K42: ICT- materiaal | O42: 43000000 | Q42: unspsc | R42: M | W42: A | Y42: A010 | AA42: 43211699 | AB42: IT randapparatuur en multimedia, klein ict incl. 2de hands | AC42: A3 | AD42: 0.21 | AE42: L | AG42: 2402000000 | AH42: Informatica mat | AI42: False | AL42: =""""&J42&""""&","&""""&L42&""""&","&""""&M42&""""&","&""""&O42&""""&","&""""&P42&""""&","&""""&Q42&""""&","&""""&R42&""""&","&""""&S42&""""&","&""""&T42&""""&","&""""&U42&""""&","&""""&V42&""""&","&""""&W42&""""&","&""""&X42&""""&","&""""&Y42&""""&","&""""&Z42&""""&","&""""&AA42&""""&","&""""&AG42&""""&","&""""&AI42&""""&","&""""&AJ42&""""&"" -> "Investering","","","43000000","","unspsc","M","","","","","A","","A010","","43211699","2402000000","False",""
A43: 100 | C43: RO | F43: 5 | G43: Elektrotoestellen, machines en gereedschappen | J43: Maak je keuze | K43: ICT- materiaal | O43: 43000000 | Q43: unspsc | R43: M | Y43: A010 | AA43: 4323 | AB43: Sofwarelicenties scholen | AC43: A3 | AD43: 0.21 | AE43: L | AI43: True | AL43: =""""&J43&""""&","&""""&L43&""""&","&""""&M43&""""&","&""""&O43&""""&","&""""&P43&""""&","&""""&Q43&""""&","&""""&R43&""""&","&""""&S43&""""&","&""""&T43&""""&","&""""&U43&""""&","&""""&V43&""""&","&""""&W43&""""&","&""""&X43&""""&","&""""&Y43&""""&","&""""&Z43&""""&","&""""&AA43&""""&","&""""&AG43&""""&","&""""&AI43&""""&","&""""&AJ43&""""&"" -> "Maak je keuze","","","43000000","","unspsc","M","","","","","","","A010","","4323","","True",""
A44: 100 | C44: RO | F44: 5 | G44: Elektrotoestellen, machines en gereedschappen | H44: 3 | J44: Didactisch materiaal | K44: ICT- materiaal | O44: 43000000 | Q44: unspsc | R44: M | W44: K | Y44: A010 | AA44: 4323 | AB44: Sofwarelicenties scholen | AC44: A3 | AD44: 0.21 | AE44: L | AG44: 6161000200 | AH44: Didactisch materiaal | AI44: False | AL44: =""""&J44&""""&","&""""&L44&""""&","&""""&M44&""""&","&""""&O44&""""&","&""""&P44&""""&","&""""&Q44&""""&","&""""&R44&""""&","&""""&S44&""""&","&""""&T44&""""&","&""""&U44&""""&","&""""&V44&""""&","&""""&W44&""""&","&""""&X44&""""&","&""""&Y44&""""&","&""""&Z44&""""&","&""""&AA44&""""&","&""""&AG44&""""&","&""""&AI44&""""&","&""""&AJ44&""""&"" -> "Didactisch materiaal","","","43000000","","unspsc","M","","","","","K","","A010","","4323","6161000200","False",""
A45: 100 | C45: RO | F45: 5 | G45: Elektrotoestellen, machines en gereedschappen | H45: 9 | J45: Investering | K45: ICT- materiaal | O45: 43000000 | Q45: unspsc | R45: M | W45: A | Y45: A010 | AA45: 4323 | AB45: Sofwarelicenties scholen | AC45: A3 | AD45: 0.21 | AE45: L | AG45: 2110000000 | AH45: Conc oct lic kh | AI45: False | AL45: =""""&J45&""""&","&""""&L45&""""&","&""""&M45&""""&","&""""&O45&""""&","&""""&P45&""""&","&""""&Q45&""""&","&""""&R45&""""&","&""""&S45&""""&","&""""&T45&""""&","&""""&U45&""""&","&""""&V45&""""&","&""""&W45&""""&","&""""&X45&""""&","&""""&Y45&""""&","&""""&Z45&""""&","&""""&AA45&""""&","&""""&AG45&""""&","&""""&AI45&""""&","&""""&AJ45&""""&"" -> "Investering","","","43000000","","unspsc","M","","","","","A","","A010","","4323","2110000000","False",""
A46: 100 | C46: RO | F46: 5 | G46: Elektrotoestellen, machines en gereedschappen | H46: 17 | J46: Operationele werking | K46: ICT- materiaal | O46: 43000000 | Q46: unspsc | R46: M | W46: K | Y46: A010 | AA46: 4323 | AB46: Sofwarelicenties scholen (niet pedagogisch) | AC46: A3 | AD46: 0.21 | AE46: L | AG46: 6146000900 | AH46: Kantoorkosten | AI46: False | AL46: =""""&J46&""""&","&""""&L46&""""&","&""""&M46&""""&","&""""&O46&""""&","&""""&P46&""""&","&""""&Q46&""""&","&""""&R46&""""&","&""""&S46&""""&","&""""&T46&""""&","&""""&U46&""""&","&""""&V46&""""&","&""""&W46&""""&","&""""&X46&""""&","&""""&Y46&""""&","&""""&Z46&""""&","&""""&AA46&""""&","&""""&AG46&""""&","&""""&AI46&""""&","&""""&AJ46&""""&"" -> "Operationele werking","","","43000000","","unspsc","M","","","","","K","","A010","","4323","6146000900","False",""
A47: 100 | C47: RO | F47: 5 | G47: Elektrotoestellen, machines en gereedschappen | J47: Maak je keuze | K47: ICT- materiaal | O47: 43000000 | Q47: unspsc | R47: M | Y47: A010 | AA47: 4323X | AB47: Sofwarelicenties scholen buitenlandse leverancier | AC47: D3 | AD47: 0.21 | AE47: L | AI47: True | AL47: =""""&J47&""""&","&""""&L47&""""&","&""""&M47&""""&","&""""&O47&""""&","&""""&P47&""""&","&""""&Q47&""""&","&""""&R47&""""&","&""""&S47&""""&","&""""&T47&""""&","&""""&U47&""""&","&""""&V47&""""&","&""""&W47&""""&","&""""&X47&""""&","&""""&Y47&""""&","&""""&Z47&""""&","&""""&AA47&""""&","&""""&AG47&""""&","&""""&AI47&""""&","&""""&AJ47&""""&"" -> "Maak je keuze","","","43000000","","unspsc","M","","","","","","","A010","","4323X","","True",""
A48: 100 | C48: RO | F48: 5 | G48: Elektrotoestellen, machines en gereedschappen | H48: 3 | J48: Didactisch materiaal | K48: ICT- materiaal | O48: 43000000 | Q48: unspsc | R48: M | W48: K | Y48: A010 | AA48: 4323X | AB48: Sofwarelicenties scholen buitenlandse leverancier | AC48: D3 | AD48: 0.21 | AE48: L | AG48: 6161000200 | AH48: Didactisch materiaal | AI48: False | AL48: =""""&J48&""""&","&""""&L48&""""&","&""""&M48&""""&","&""""&O48&""""&","&""""&P48&""""&","&""""&Q48&""""&","&""""&R48&""""&","&""""&S48&""""&","&""""&T48&""""&","&""""&U48&""""&","&""""&V48&""""&","&""""&W48&""""&","&""""&X48&""""&","&""""&Y48&""""&","&""""&Z48&""""&","&""""&AA48&""""&","&""""&AG48&""""&","&""""&AI48&""""&","&""""&AJ48&""""&"" -> "Didactisch materiaal","","","43000000","","unspsc","M","","","","","K","","A010","","4323X","6161000200","False",""
A49: 100 | C49: RO | F49: 5 | G49: Elektrotoestellen, machines en gereedschappen | H49: 9 | J49: Investering | K49: ICT- materiaal | O49: 43000000 | Q49: unspsc | R49: M | W49: A | Y49: A010 | AA49: 4323X | AB49: Sofwarelicenties scholen buitenlandse leverancier | AC49: D3 | AD49: 0.21 | AE49: L | AG49: 2110000000 | AH49: Conc oct lic kh | AI49: False | AL49: =""""&J49&""""&","&""""&L49&""""&","&""""&M49&""""&","&""""&O49&""""&","&""""&P49&""""&","&""""&Q49&""""&","&""""&R49&""""&","&""""&S49&""""&","&""""&T49&""""&","&""""&U49&""""&","&""""&V49&""""&","&""""&W49&""""&","&""""&X49&""""&","&""""&Y49&""""&","&""""&Z49&""""&","&""""&AA49&""""&","&""""&AG49&""""&","&""""&AI49&""""&","&""""&AJ49&""""&"" -> "Investering","","","43000000","","unspsc","M","","","","","A","","A010","","4323X","2110000000","False",""
A50: 100 | C50: RO | F50: 2 | G50: Kantoor- en huishoud materiaal, en meubilair | J50: Maak je keuze | K50: Kantoormaterialen | O50: 44000000 | Q50: unspsc | R50: M | Y50: A010 | AA50: 4411 | AB50: (Kantoor)Benodigdheden en versiering | AC50: A3 | AD50: 0.21 | AE50: L | AI50: True | AL50: =""""&J50&""""&","&""""&L50&""""&","&""""&M50&""""&","&""""&O50&""""&","&""""&P50&""""&","&""""&Q50&""""&","&""""&R50&""""&","&""""&S50&""""&","&""""&T50&""""&","&""""&U50&""""&","&""""&V50&""""&","&""""&W50&""""&","&""""&X50&""""&","&""""&Y50&""""&","&""""&Z50&""""&","&""""&AA50&""""&","&""""&AG50&""""&","&""""&AI50&""""&","&""""&AJ50&""""&"" -> "Maak je keuze","","","44000000","","unspsc","M","","","","","","","A010","","4411","","True",""
A51: 100 | C51: RO | F51: 2 | G51: Kantoor- en huishoud materiaal, en meubilair | H51: 17 | J51: Operationele werking | K51: Kantoormaterialen | O51: 44000000 | Q51: unspsc | R51: M | W51: K | Y51: A010 | AA51: 4411 | AB51: (Kantoor)Benodigdheden en versiering | AC51: A3 | AD51: 0.21 | AE51: L | AG51: 6146000900 | AH51: Kantoorkosten | AI51: False | AL51: =""""&J51&""""&","&""""&L51&""""&","&""""&M51&""""&","&""""&O51&""""&","&""""&P51&""""&","&""""&Q51&""""&","&""""&R51&""""&","&""""&S51&""""&","&""""&T51&""""&","&""""&U51&""""&","&""""&V51&""""&","&""""&W51&""""&","&""""&X51&""""&","&""""&Y51&""""&","&""""&Z51&""""&","&""""&AA51&""""&","&""""&AG51&""""&","&""""&AI51&""""&","&""""&AJ51&""""&"" -> "Operationele werking","","","44000000","","unspsc","M","","","","","K","","A010","","4411","6146000900","False",""
A52: 100 | C52: RO | F52: 2 | G52: Kantoor- en huishoud materiaal, en meubilair | H52: 3 | J52: Didactisch materiaal | K52: Kantoormaterialen | O52: 44000000 | Q52: unspsc | R52: M | W52: K | Y52: A010 | AA52: 4411 | AB52: (Kantoor)Benodigdheden en versiering | AC52: A3 | AD52: 0.21 | AE52: L | AG52: 6161000200 | AH52: Didactisch materiaal | AI52: False | AL52: =""""&J52&""""&","&""""&L52&""""&","&""""&M52&""""&","&""""&O52&""""&","&""""&P52&""""&","&""""&Q52&""""&","&""""&R52&""""&","&""""&S52&""""&","&""""&T52&""""&","&""""&U52&""""&","&""""&V52&""""&","&""""&W52&""""&","&""""&X52&""""&","&""""&Y52&""""&","&""""&Z52&""""&","&""""&AA52&""""&","&""""&AG52&""""&","&""""&AI52&""""&","&""""&AJ52&""""&"" -> "Didactisch materiaal","","","44000000","","unspsc","M","","","","","K","","A010","","4411","6161000200","False",""
A53: 100 | C53: RO | F53: 2 | G53: Kantoor- en huishoud materiaal, en meubilair | H53: 6 | J53: Doorverkoop onderwijs (niet max fac) | K53: Kantoormaterialen | O53: 44000000 | Q53: unspsc | R53: M | W53: K | Y53: A010 | AA53: 4411 | AB53: (Kantoor)Benodigdheden en versiering | AC53: A3 | AD53: 0.21 | AE53: L | AG53: 6030000200 | AH53: Niet maximumfactuur | AI53: False | AL53: =""""&J53&""""&","&""""&L53&""""&","&""""&M53&""""&","&""""&O53&""""&","&""""&P53&""""&","&""""&Q53&""""&","&""""&R53&""""&","&""""&S53&""""&","&""""&T53&""""&","&""""&U53&""""&","&""""&V53&""""&","&""""&W53&""""&","&""""&X53&""""&","&""""&Y53&""""&","&""""&Z53&""""&","&""""&AA53&""""&","&""""&AG53&""""&","&""""&AI53&""""&","&""""&AJ53&""""&"" -> "Doorverkoop onderwijs (niet max fac)","","","44000000","","unspsc","M","","","","","K","","A010","","4411","6030000200","False",""
A54: 100 | C54: RO | F54: 2 | G54: Kantoor- en huishoud materiaal, en meubilair | J54: Maak je keuze | K54: Kantoormaterialen | O54: 44000000 | Q54: unspsc | R54: M | Y54: A010 | AA54: 4411X | AB54: (Kantoor)Benodigdheden en versiering buitenlandse leverancier | AC54: D3 | AD54: 0.21 | AE54: L | AI54: True | AL54: =""""&J54&""""&","&""""&L54&""""&","&""""&M54&""""&","&""""&O54&""""&","&""""&P54&""""&","&""""&Q54&""""&","&""""&R54&""""&","&""""&S54&""""&","&""""&T54&""""&","&""""&U54&""""&","&""""&V54&""""&","&""""&W54&""""&","&""""&X54&""""&","&""""&Y54&""""&","&""""&Z54&""""&","&""""&AA54&""""&","&""""&AG54&""""&","&""""&AI54&""""&","&""""&AJ54&""""&"" -> "Maak je keuze","","","44000000","","unspsc","M","","","","","","","A010","","4411X","","True",""
A55: 100 | C55: RO | F55: 2 | G55: Kantoor- en huishoud materiaal, en meubilair | H55: 17 | J55: Operationele werking | K55: Kantoormaterialen | O55: 44000000 | Q55: unspsc | R55: M | W55: K | Y55: A010 | AA55: 4411X | AB55: (Kantoor)Benodigdheden en versiering buitenlandse leverancier | AC55: D3 | AD55: 0.21 | AE55: L | AG55: 6146000900 | AH55: Kantoorkosten | AI55: False | AL55: =""""&J55&""""&","&""""&L55&""""&","&""""&M55&""""&","&""""&O55&""""&","&""""&P55&""""&","&""""&Q55&""""&","&""""&R55&""""&","&""""&S55&""""&","&""""&T55&""""&","&""""&U55&""""&","&""""&V55&""""&","&""""&W55&""""&","&""""&X55&""""&","&""""&Y55&""""&","&""""&Z55&""""&","&""""&AA55&""""&","&""""&AG55&""""&","&""""&AI55&""""&","&""""&AJ55&""""&"" -> "Operationele werking","","","44000000","","unspsc","M","","","","","K","","A010","","4411X","6146000900","False",""
A56: 100 | C56: RO | F56: 2 | G56: Kantoor- en huishoud materiaal, en meubilair | H56: 3 | J56: Didactisch materiaal | K56: Kantoormaterialen | O56: 44000000 | Q56: unspsc | R56: M | W56: K | Y56: A010 | AA56: 4411X | AB56: (Kantoor)Benodigdheden en versiering buitenlandse leverancier | AC56: D3 | AD56: 0.21 | AE56: L | AG56: 6161000200 | AH56: Didactisch materiaal | AI56: False | AL56: =""""&J56&""""&","&""""&L56&""""&","&""""&M56&""""&","&""""&O56&""""&","&""""&P56&""""&","&""""&Q56&""""&","&""""&R56&""""&","&""""&S56&""""&","&""""&T56&""""&","&""""&U56&""""&","&""""&V56&""""&","&""""&W56&""""&","&""""&X56&""""&","&""""&Y56&""""&","&""""&Z56&""""&","&""""&AA56&""""&","&""""&AG56&""""&","&""""&AI56&""""&","&""""&AJ56&""""&"" -> "Didactisch materiaal","","","44000000","","unspsc","M","","","","","K","","A010","","4411X","6161000200","False",""
A57: 100 | C57: RO | F57: 2 | G57: Kantoor- en huishoud materiaal, en meubilair | H57: 6 | J57: Doorverkoop onderwijs (niet max fac) | K57: Kantoormaterialen | O57: 44000000 | Q57: unspsc | R57: M | W57: K | Y57: A010 | AA57: 4411X | AB57: (Kantoor)Benodigdheden en versiering buitenlandse leverancier | AC57: D3 | AD57: 0.21 | AE57: L | AG57: 6030000200 | AH57: Niet maximumfactuur | AI57: False | AL57: =""""&J57&""""&","&""""&L57&""""&","&""""&M57&""""&","&""""&O57&""""&","&""""&P57&""""&","&""""&Q57&""""&","&""""&R57&""""&","&""""&S57&""""&","&""""&T57&""""&","&""""&U57&""""&","&""""&V57&""""&","&""""&W57&""""&","&""""&X57&""""&","&""""&Y57&""""&","&""""&Z57&""""&","&""""&AA57&""""&","&""""&AG57&""""&","&""""&AI57&""""&","&""""&AJ57&""""&"" -> "Doorverkoop onderwijs (niet max fac)","","","44000000","","unspsc","M","","","","","K","","A010","","4411X","6030000200","False",""
A58: 100 | C58: RO | F58: 5 | G58: Elektrotoestellen, machines en gereedschappen | J58: Maak je keuze | K58: Kantoormachines | O58: 44000000 | Q58: unspsc | R58: M | Y58: A010 | AA58: 441017 | AB58: Kantoormachines | AC58: A3 | AD58: 0.21 | AE58: L | AI58: True | AL58: =""""&J58&""""&","&""""&L58&""""&","&""""&M58&""""&","&""""&O58&""""&","&""""&P58&""""&","&""""&Q58&""""&","&""""&R58&""""&","&""""&S58&""""&","&""""&T58&""""&","&""""&U58&""""&","&""""&V58&""""&","&""""&W58&""""&","&""""&X58&""""&","&""""&Y58&""""&","&""""&Z58&""""&","&""""&AA58&""""&","&""""&AG58&""""&","&""""&AI58&""""&","&""""&AJ58&""""&"" -> "Maak je keuze","","","44000000","","unspsc","M","","","","","","","A010","","441017","","True",""
A59: 100 | C59: RO | F59: 5 | G59: Elektrotoestellen, machines en gereedschappen | H59: 17 | J59: Operationele werking | K59: Kantoormachines | O59: 44000000 | Q59: unspsc | R59: M | W59: K | Y59: A010 | AA59: 441017 | AB59: Kantoormachines | AC59: A3 | AD59: 0.21 | AE59: L | AG59: 6146000900 | AH59: Kantoorkosten | AI59: False | AL59: =""""&J59&""""&","&""""&L59&""""&","&""""&M59&""""&","&""""&O59&""""&","&""""&P59&""""&","&""""&Q59&""""&","&""""&R59&""""&","&""""&S59&""""&","&""""&T59&""""&","&""""&U59&""""&","&""""&V59&""""&","&""""&W59&""""&","&""""&X59&""""&","&""""&Y59&""""&","&""""&Z59&""""&","&""""&AA59&""""&","&""""&AG59&""""&","&""""&AI59&""""&","&""""&AJ59&""""&"" -> "Operationele werking","","","44000000","","unspsc","M","","","","","K","","A010","","441017","6146000900","False",""
A60: 100 | C60: RO | F60: 5 | G60: Elektrotoestellen, machines en gereedschappen | H60: 9 | J60: Investering | K60: Kantoormachines | O60: 44000000 | Q60: unspsc | R60: M | W60: A | Y60: A010 | AA60: 441017 | AB60: Kantoormachines | AC60: A3 | AD60: 0.21 | AE60: L | AG60: 2301000000 | AH60: Mach en gereed | AI60: False | AL60: =""""&J60&""""&","&""""&L60&""""&","&""""&M60&""""&","&""""&O60&""""&","&""""&P60&""""&","&""""&Q60&""""&","&""""&R60&""""&","&""""&S60&""""&","&""""&T60&""""&","&""""&U60&""""&","&""""&V60&""""&","&""""&W60&""""&","&""""&X60&""""&","&""""&Y60&""""&","&""""&Z60&""""&","&""""&AA60&""""&","&""""&AG60&""""&","&""""&AI60&""""&","&""""&AJ60&""""&"" -> "Investering","","","44000000","","unspsc","M","","","","","A","","A010","","441017","2301000000","False",""
A61: 100 | C61: RO | F61: 5 | G61: Elektrotoestellen, machines en gereedschappen | J61: Maak je keuze | K61: Kantoormachines | O61: 44000000 | Q61: unspsc | R61: M | Y61: A010 | AA61: 441017X | AB61: Kantoormachines buitenlandse leverancier | AC61: D3 | AD61: 0.21 | AE61: L | AI61: True | AL61: =""""&J61&""""&","&""""&L61&""""&","&""""&M61&""""&","&""""&O61&""""&","&""""&P61&""""&","&""""&Q61&""""&","&""""&R61&""""&","&""""&S61&""""&","&""""&T61&""""&","&""""&U61&""""&","&""""&V61&""""&","&""""&W61&""""&","&""""&X61&""""&","&""""&Y61&""""&","&""""&Z61&""""&","&""""&AA61&""""&","&""""&AG61&""""&","&""""&AI61&""""&","&""""&AJ61&""""&"" -> "Maak je keuze","","","44000000","","unspsc","M","","","","","","","A010","","441017X","","True",""
A62: 100 | C62: RO | F62: 5 | G62: Elektrotoestellen, machines en gereedschappen | H62: 17 | J62: Operationele werking | K62: Kantoormachines | O62: 44000000 | Q62: unspsc | R62: M | W62: K | Y62: A010 | AA62: 441017X | AB62: Kantoormachines buitenlandse leverancier | AC62: D3 | AD62: 0.21 | AE62: L | AG62: 6146000900 | AH62: Kantoorkosten | AI62: False | AL62: =""""&J62&""""&","&""""&L62&""""&","&""""&M62&""""&","&""""&O62&""""&","&""""&P62&""""&","&""""&Q62&""""&","&""""&R62&""""&","&""""&S62&""""&","&""""&T62&""""&","&""""&U62&""""&","&""""&V62&""""&","&""""&W62&""""&","&""""&X62&""""&","&""""&Y62&""""&","&""""&Z62&""""&","&""""&AA62&""""&","&""""&AG62&""""&","&""""&AI62&""""&","&""""&AJ62&""""&"" -> "Operationele werking","","","44000000","","unspsc","M","","","","","K","","A010","","441017X","6146000900","False",""
A63: 100 | C63: RO | F63: 5 | G63: Elektrotoestellen, machines en gereedschappen | H63: 9 | J63: Investering | K63: Kantoormachines | O63: 44000000 | Q63: unspsc | R63: M | W63: A | Y63: A010 | AA63: 441017X | AB63: Kantoormachines buitenlandse leverancier | AC63: D3 | AD63: 0.21 | AE63: L | AG63: 2301000000 | AH63: Mach en gereed | AI63: False | AL63: =""""&J63&""""&","&""""&L63&""""&","&""""&M63&""""&","&""""&O63&""""&","&""""&P63&""""&","&""""&Q63&""""&","&""""&R63&""""&","&""""&S63&""""&","&""""&T63&""""&","&""""&U63&""""&","&""""&V63&""""&","&""""&W63&""""&","&""""&X63&""""&","&""""&Y63&""""&","&""""&Z63&""""&","&""""&AA63&""""&","&""""&AG63&""""&","&""""&AI63&""""&","&""""&AJ63&""""&"" -> "Investering","","","44000000","","unspsc","M","","","","","A","","A010","","441017X","2301000000","False",""
A64: 100 | C64: RO | F64: 8 | G64: (Bescherm)kledij en schoenen, en gerelateerde diensten | J64: Maak je keuze | K64: Beroeps- en veiligheidskleding en PBM | O64: 46000000 | Q64: unspsc | R64: M | Y64: A010 | AA64: 4618 | AB64: Beroeps- en veiligheidskleding | AC64: A3 | AD64: 0.21 | AE64: L | AI64: True | AL64: =""""&J64&""""&","&""""&L64&""""&","&""""&M64&""""&","&""""&O64&""""&","&""""&P64&""""&","&""""&Q64&""""&","&""""&R64&""""&","&""""&S64&""""&","&""""&T64&""""&","&""""&U64&""""&","&""""&V64&""""&","&""""&W64&""""&","&""""&X64&""""&","&""""&Y64&""""&","&""""&Z64&""""&","&""""&AA64&""""&","&""""&AG64&""""&","&""""&AI64&""""&","&""""&AJ64&""""&"" -> "Maak je keuze","","","46000000","","unspsc","M","","","","","","","A010","","4618","","True",""
A65: 100 | C65: RO | F65: 8 | G65: (Bescherm)kledij en schoenen, en gerelateerde diensten | H65: 17 | J65: Operationele werking | K65: Beroeps- en veiligheidskleding en PBM | O65: 46000000 | Q65: unspsc | R65: M | W65: K | Y65: A010 | AA65: 4618 | AB65: Beroeps- en veiligheidskleding | AC65: A3 | AD65: 0.21 | AE65: L | AG65: 6152000600 | AH65: Aankoop werkkledij | AI65: False | AL65: =""""&J65&""""&","&""""&L65&""""&","&""""&M65&""""&","&""""&O65&""""&","&""""&P65&""""&","&""""&Q65&""""&","&""""&R65&""""&","&""""&S65&""""&","&""""&T65&""""&","&""""&U65&""""&","&""""&V65&""""&","&""""&W65&""""&","&""""&X65&""""&","&""""&Y65&""""&","&""""&Z65&""""&","&""""&AA65&""""&","&""""&AG65&""""&","&""""&AI65&""""&","&""""&AJ65&""""&"" -> "Operationele werking","","","46000000","","unspsc","M","","","","","K","","A010","","4618","6152000600","False",""
A66: 100 | C66: RO | F66: 8 | G66: (Bescherm)kledij en schoenen, en gerelateerde diensten | H66: 6 | J66: Doorverkoop onderwijs (niet max fac) | K66: Beroeps- en veiligheidskleding en PBM | O66: 46000000 | Q66: unspsc | R66: M | W66: K | Y66: A010 | AA66: 4618 | AB66: Beroeps- en veiligheidskleding | AC66: A3 | AD66: 0.21 | AE66: L | AG66: 6030000200 | AH66: Niet maximumfactuur | AI66: False | AL66: =""""&J66&""""&","&""""&L66&""""&","&""""&M66&""""&","&""""&O66&""""&","&""""&P66&""""&","&""""&Q66&""""&","&""""&R66&""""&","&""""&S66&""""&","&""""&T66&""""&","&""""&U66&""""&","&""""&V66&""""&","&""""&W66&""""&","&""""&X66&""""&","&""""&Y66&""""&","&""""&Z66&""""&","&""""&AA66&""""&","&""""&AG66&""""&","&""""&AI66&""""&","&""""&AJ66&""""&"" -> "Doorverkoop onderwijs (niet max fac)","","","46000000","","unspsc","M","","","","","K","","A010","","4618","6030000200","False",""
A67: 100 | C67: RO | F67: 8 | G67: (Bescherm)kledij en schoenen, en gerelateerde diensten | H67: 7 | J67: Maximumfactuur | K67: Beroeps- en veiligheidskleding en PBM | O67: 46000000 | Q67: unspsc | R67: M | W67: K | Y67: A010 | AA67: 4618 | AB67: Beroeps- en veiligheidskleding | AC67: A3 | AD67: 0.21 | AE67: L | AG67: 6030000100 | AH67: MaxFac:mat/uitstap | AI67: False | AL67: =""""&J67&""""&","&""""&L67&""""&","&""""&M67&""""&","&""""&O67&""""&","&""""&P67&""""&","&""""&Q67&""""&","&""""&R67&""""&","&""""&S67&""""&","&""""&T67&""""&","&""""&U67&""""&","&""""&V67&""""&","&""""&W67&""""&","&""""&X67&""""&","&""""&Y67&""""&","&""""&Z67&""""&","&""""&AA67&""""&","&""""&AG67&""""&","&""""&AI67&""""&","&""""&AJ67&""""&"" -> "Maximumfactuur","","","46000000","","unspsc","M","","","","","K","","A010","","4618","6030000100","False",""
A68: 100 | C68: RO | F68: 8 | G68: (Bescherm)kledij en schoenen, en gerelateerde diensten | J68: Maak je keuze | K68: Beroeps- en veiligheidskleding en PBM | O68: 46000000 | Q68: unspsc | R68: M | Y68: A010 | AA68: 4618X | AB68: Beroeps- en veiligheidskleding buitenlandse leverancier | AC68: D3 | AD68: 0.21 | AE68: L | AI68: True | AL68: =""""&J68&""""&","&""""&L68&""""&","&""""&M68&""""&","&""""&O68&""""&","&""""&P68&""""&","&""""&Q68&""""&","&""""&R68&""""&","&""""&S68&""""&","&""""&T68&""""&","&""""&U68&""""&","&""""&V68&""""&","&""""&W68&""""&","&""""&X68&""""&","&""""&Y68&""""&","&""""&Z68&""""&","&""""&AA68&""""&","&""""&AG68&""""&","&""""&AI68&""""&","&""""&AJ68&""""&"" -> "Maak je keuze","","","46000000","","unspsc","M","","","","","","","A010","","4618X","","True",""
A69: 100 | C69: RO | F69: 8 | G69: (Bescherm)kledij en schoenen, en gerelateerde diensten | H69: 17 | J69: Operationele werking | K69: Beroeps- en veiligheidskleding en PBM | O69: 46000000 | Q69: unspsc | R69: M | W69: K | Y69: A010 | AA69: 4618X | AB69: Beroeps- en veiligheidskleding buitenlandse leverancier | AC69: D3 | AD69: 0.21 | AE69: L | AG69: 6152000600 | AH69: Aankoop werkkledij | AI69: False | AL69: =""""&J69&""""&","&""""&L69&""""&","&""""&M69&""""&","&""""&O69&""""&","&""""&P69&""""&","&""""&Q69&""""&","&""""&R69&""""&","&""""&S69&""""&","&""""&T69&""""&","&""""&U69&""""&","&""""&V69&""""&","&""""&W69&""""&","&""""&X69&""""&","&""""&Y69&""""&","&""""&Z69&""""&","&""""&AA69&""""&","&""""&AG69&""""&","&""""&AI69&""""&","&""""&AJ69&""""&"" -> "Operationele werking","","","46000000","","unspsc","M","","","","","K","","A010","","4618X","6152000600","False",""
A70: 100 | C70: RO | F70: 8 | G70: (Bescherm)kledij en schoenen, en gerelateerde diensten | H70: 6 | J70: Doorverkoop onderwijs (niet max fac) | K70: Beroeps- en veiligheidskleding en PBM | O70: 46000000 | Q70: unspsc | R70: M | W70: K | Y70: A010 | AA70: 4618X | AB70: Beroeps- en veiligheidskleding buitenlandse leverancier | AC70: D3 | AD70: 0.21 | AE70: L | AG70: 6030000200 | AH70: Niet maximumfactuur | AI70: False | AL70: =""""&J70&""""&","&""""&L70&""""&","&""""&M70&""""&","&""""&O70&""""&","&""""&P70&""""&","&""""&Q70&""""&","&""""&R70&""""&","&""""&S70&""""&","&""""&T70&""""&","&""""&U70&""""&","&""""&V70&""""&","&""""&W70&""""&","&""""&X70&""""&","&""""&Y70&""""&","&""""&Z70&""""&","&""""&AA70&""""&","&""""&AG70&""""&","&""""&AI70&""""&","&""""&AJ70&""""&"" -> "Doorverkoop onderwijs (niet max fac)","","","46000000","","unspsc","M","","","","","K","","A010","","4618X","6030000200","False",""
A71: 100 | C71: RO | F71: 8 | G71: (Bescherm)kledij en schoenen, en gerelateerde diensten | H71: 7 | J71: Maximumfactuur | K71: Beroeps- en veiligheidskleding en PBM | O71: 46000000 | Q71: unspsc | R71: M | W71: K | Y71: A010 | AA71: 4618X | AB71: Beroeps- en veiligheidskleding buitenlandse leverancier | AC71: D3 | AD71: 0.21 | AE71: L | AG71: 6030000100 | AH71: MaxFac:mat/uitstap | AI71: False | AL71: =""""&J71&""""&","&""""&L71&""""&","&""""&M71&""""&","&""""&O71&""""&","&""""&P71&""""&","&""""&Q71&""""&","&""""&R71&""""&","&""""&S71&""""&","&""""&T71&""""&","&""""&U71&""""&","&""""&V71&""""&","&""""&W71&""""&","&""""&X71&""""&","&""""&Y71&""""&","&""""&Z71&""""&","&""""&AA71&""""&","&""""&AG71&""""&","&""""&AI71&""""&","&""""&AJ71&""""&"" -> "Maximumfactuur","","","46000000","","unspsc","M","","","","","K","","A010","","4618X","6030000100","False",""
A72: 100 | C72: enkel adhoc | D72: 8 & 14 | F72: 8 | G72: (Bescherm)kledij en schoenen, en gerelateerde diensten | J72: Maak je keuze | O72: 46000000 | Q72: unspsc | R72: M | Y72: A010 | AA72: 461815 | AB72: Beroeps- en veiligheidskleding CBM (collectieve beschermmiddelen) | AC72: A3 | AD72: 0.21 | AE72: L | AI72: True | AL72: =""""&J72&""""&","&""""&L72&""""&","&""""&M72&""""&","&""""&O72&""""&","&""""&P72&""""&","&""""&Q72&""""&","&""""&R72&""""&","&""""&S72&""""&","&""""&T72&""""&","&""""&U72&""""&","&""""&V72&""""&","&""""&W72&""""&","&""""&X72&""""&","&""""&Y72&""""&","&""""&Z72&""""&","&""""&AA72&""""&","&""""&AG72&""""&","&""""&AI72&""""&","&""""&AJ72&""""&"" -> "Maak je keuze","","","46000000","","unspsc","M","","","","","","","A010","","461815","","True",""
A73: 100 | C73: enkel adhoc | F73: 8 | G73: (Bescherm)kledij en schoenen, en gerelateerde diensten | H73: 17 | J73: Operationele werking | O73: 46000000 | Q73: unspsc | R73: M | W73: K | Y73: A010 | AA73: 461815 | AB73: Beroeps- en veiligheidskleding CBM (collectieve beschermmiddelen) | AC73: A3 | AD73: 0.21 | AE73: L | AG73: 6152000600 | AH73: Aankoop werkkledij | AI73: False | AL73: =""""&J73&""""&","&""""&L73&""""&","&""""&M73&""""&","&""""&O73&""""&","&""""&P73&""""&","&""""&Q73&""""&","&""""&R73&""""&","&""""&S73&""""&","&""""&T73&""""&","&""""&U73&""""&","&""""&V73&""""&","&""""&W73&""""&","&""""&X73&""""&","&""""&Y73&""""&","&""""&Z73&""""&","&""""&AA73&""""&","&""""&AG73&""""&","&""""&AI73&""""&","&""""&AJ73&""""&"" -> "Operationele werking","","","46000000","","unspsc","M","","","","","K","","A010","","461815","6152000600","False",""
A74: 100 | C74: enkel adhoc | F74: 8 | G74: (Bescherm)kledij en schoenen, en gerelateerde diensten | H74: 9 | J74: Investering | O74: 46000000 | Q74: unspsc | R74: M | W74: A | Y74: A010 | AA74: 461815 | AB74: Beroeps- en veiligheidskleding CBM (collectieve beschermmiddelen) | AC74: A3 | AD74: 0.21 | AE74: L | AG74: 2302000000 | AH74: Uitr en inricht | AI74: False | AL74: =""""&J74&""""&","&""""&L74&""""&","&""""&M74&""""&","&""""&O74&""""&","&""""&P74&""""&","&""""&Q74&""""&","&""""&R74&""""&","&""""&S74&""""&","&""""&T74&""""&","&""""&U74&""""&","&""""&V74&""""&","&""""&W74&""""&","&""""&X74&""""&","&""""&Y74&""""&","&""""&Z74&""""&","&""""&AA74&""""&","&""""&AG74&""""&","&""""&AI74&""""&","&""""&AJ74&""""&"" -> "Investering","","","46000000","","unspsc","M","","","","","A","","A010","","461815","2302000000","False",""
A75: 100 | F75: 8 | G75: (Bescherm)kledij en schoenen, en gerelateerde diensten | J75: Maak je keuze | O75: 46000000 | Q75: unspsc | R75: M | Y75: A010 | AA75: 461815X | AB75: Beroeps- en veiligheidskleding CBM (collectieve beschermmiddelen) buitenlandse leverancier | AC75: D3 | AD75: 0.21 | AE75: L | AI75: True | AL75: =""""&J75&""""&","&""""&L75&""""&","&""""&M75&""""&","&""""&O75&""""&","&""""&P75&""""&","&""""&Q75&""""&","&""""&R75&""""&","&""""&S75&""""&","&""""&T75&""""&","&""""&U75&""""&","&""""&V75&""""&","&""""&W75&""""&","&""""&X75&""""&","&""""&Y75&""""&","&""""&Z75&""""&","&""""&AA75&""""&","&""""&AG75&""""&","&""""&AI75&""""&","&""""&AJ75&""""&"" -> "Maak je keuze","","","46000000","","unspsc","M","","","","","","","A010","","461815X","","True",""
A76: 100 | F76: 8 | G76: (Bescherm)kledij en schoenen, en gerelateerde diensten | H76: 17 | J76: Operationele werking | O76: 46000000 | Q76: unspsc | R76: M | W76: K | Y76: A010 | AA76: 461815X | AB76: Beroeps- en veiligheidskleding CBM (collectieve beschermmiddelen) buitenlandse leverancier | AC76: D3 | AD76: 0.21 | AE76: L | AG76: 6152000600 | AH76: Aankoop werkkledij | AI76: False | AL76: =""""&J76&""""&","&""""&L76&""""&","&""""&M76&""""&","&""""&O76&""""&","&""""&P76&""""&","&""""&Q76&""""&","&""""&R76&""""&","&""""&S76&""""&","&""""&T76&""""&","&""""&U76&""""&","&""""&V76&""""&","&""""&W76&""""&","&""""&X76&""""&","&""""&Y76&""""&","&""""&Z76&""""&","&""""&AA76&""""&","&""""&AG76&""""&","&""""&AI76&""""&","&""""&AJ76&""""&"" -> "Operationele werking","","","46000000","","unspsc","M","","","","","K","","A010","","461815X","6152000600","False",""
A77: 100 | F77: 8 | G77: (Bescherm)kledij en schoenen, en gerelateerde diensten | H77: 9 | J77: Investering | O77: 46000000 | Q77: unspsc | R77: M | W77: A | Y77: A010 | AA77: 461815X | AB77: Beroeps- en veiligheidskleding CBM (collectieve beschermmiddelen) buitenlandse leverancier | AC77: D3 | AD77: 0.21 | AE77: L | AG77: 2302000000 | AH77: Uitr en inricht | AI77: False | AL77: =""""&J77&""""&","&""""&L77&""""&","&""""&M77&""""&","&""""&O77&""""&","&""""&P77&""""&","&""""&Q77&""""&","&""""&R77&""""&","&""""&S77&""""&","&""""&T77&""""&","&""""&U77&""""&","&""""&V77&""""&","&""""&W77&""""&","&""""&X77&""""&","&""""&Y77&""""&","&""""&Z77&""""&","&""""&AA77&""""&","&""""&AG77&""""&","&""""&AI77&""""&","&""""&AJ77&""""&"" -> "Investering","","","46000000","","unspsc","M","","","","","A","","A010","","461815X","2302000000","False",""
A78: 100 | C78: RO | F78: 8 | G78: (Bescherm)kledij en schoenen, en gerelateerde diensten | J78: Maak je keuze | K78: Persoonlijke beschermingsmiddelen (PBM) | O78: 46000000 | Q78: unspsc | R78: M | Y78: A010 | AA78: 4618 | AB78: Persoonlijke beschermingsmiddelen (PBM) | AC78: A3 | AD78: 0.21 | AE78: L | AI78: True | AL78: =""""&J78&""""&","&""""&L78&""""&","&""""&M78&""""&","&""""&O78&""""&","&""""&P78&""""&","&""""&Q78&""""&","&""""&R78&""""&","&""""&S78&""""&","&""""&T78&""""&","&""""&U78&""""&","&""""&V78&""""&","&""""&W78&""""&","&""""&X78&""""&","&""""&Y78&""""&","&""""&Z78&""""&","&""""&AA78&""""&","&""""&AG78&""""&","&""""&AI78&""""&","&""""&AJ78&""""&"" -> "Maak je keuze","","","46000000","","unspsc","M","","","","","","","A010","","4618","","True",""
A79: 100 | C79: RO | F79: 8 | G79: (Bescherm)kledij en schoenen, en gerelateerde diensten | H79: 17 | J79: Operationele werking | K79: Persoonlijke beschermingsmiddelen (PBM) | O79: 46000000 | Q79: unspsc | R79: M | W79: K | Y79: A010 | AA79: 4618 | AB79: Persoonlijke beschermingsmiddelen (PBM) | AC79: A3 | AD79: 0.21 | AE79: L | AG79: 6152000600 | AH79: Aankoop werkkledij | AI79: False | AL79: =""""&J79&""""&","&""""&L79&""""&","&""""&M79&""""&","&""""&O79&""""&","&""""&P79&""""&","&""""&Q79&""""&","&""""&R79&""""&","&""""&S79&""""&","&""""&T79&""""&","&""""&U79&""""&","&""""&V79&""""&","&""""&W79&""""&","&""""&X79&""""&","&""""&Y79&""""&","&""""&Z79&""""&","&""""&AA79&""""&","&""""&AG79&""""&","&""""&AI79&""""&","&""""&AJ79&""""&"" -> "Operationele werking","","","46000000","","unspsc","M","","","","","K","","A010","","4618","6152000600","False",""
A80: 100 | C80: RO | F80: 8 | G80: (Bescherm)kledij en schoenen, en gerelateerde diensten | H80: 6 | J80: Doorverkoop onderwijs (niet max fac) | K80: Persoonlijke beschermingsmiddelen (PBM) | O80: 46000000 | Q80: unspsc | R80: M | W80: K | Y80: A010 | AA80: 4618 | AB80: Persoonlijke beschermingsmiddelen (PBM) | AC80: A3 | AD80: 0.21 | AE80: L | AG80: 6030000200 | AH80: Niet maximumfactuur | AI80: False | AL80: =""""&J80&""""&","&""""&L80&""""&","&""""&M80&""""&","&""""&O80&""""&","&""""&P80&""""&","&""""&Q80&""""&","&""""&R80&""""&","&""""&S80&""""&","&""""&T80&""""&","&""""&U80&""""&","&""""&V80&""""&","&""""&W80&""""&","&""""&X80&""""&","&""""&Y80&""""&","&""""&Z80&""""&","&""""&AA80&""""&","&""""&AG80&""""&","&""""&AI80&""""&","&""""&AJ80&""""&"" -> "Doorverkoop onderwijs (niet max fac)","","","46000000","","unspsc","M","","","","","K","","A010","","4618","6030000200","False",""
A81: 100 | C81: RO | F81: 8 | G81: (Bescherm)kledij en schoenen, en gerelateerde diensten | H81: 7 | J81: Maximumfactuur | K81: Persoonlijke beschermingsmiddelen (PBM) | O81: 46000000 | Q81: unspsc | R81: M | W81: K | Y81: A010 | AA81: 4618 | AB81: Persoonlijke beschermingsmiddelen (PBM) | AC81: A3 | AD81: 0.21 | AE81: L | AG81: 6030000100 | AH81: MaxFac:mat/uitstap | AI81: False | AL81: =""""&J81&""""&","&""""&L81&""""&","&""""&M81&""""&","&""""&O81&""""&","&""""&P81&""""&","&""""&Q81&""""&","&""""&R81&""""&","&""""&S81&""""&","&""""&T81&""""&","&""""&U81&""""&","&""""&V81&""""&","&""""&W81&""""&","&""""&X81&""""&","&""""&Y81&""""&","&""""&Z81&""""&","&""""&AA81&""""&","&""""&AG81&""""&","&""""&AI81&""""&","&""""&AJ81&""""&"" -> "Maximumfactuur","","","46000000","","unspsc","M","","","","","K","","A010","","4618","6030000100","False",""
A82: 100 | C82: RO | F82: 8 | G82: (Bescherm)kledij en schoenen, en gerelateerde diensten | J82: Maak je keuze | K82: Persoonlijke beschermingsmiddelen (PBM) | O82: 46000000 | Q82: unspsc | R82: M | Y82: A010 | AA82: 4618X | AB82: Persoonlijke beschermingsmiddelen (PBM) buitenlandse leverancier | AC82: D3 | AD82: 0.21 | AE82: L | AI82: True | AL82: =""""&J82&""""&","&""""&L82&""""&","&""""&M82&""""&","&""""&O82&""""&","&""""&P82&""""&","&""""&Q82&""""&","&""""&R82&""""&","&""""&S82&""""&","&""""&T82&""""&","&""""&U82&""""&","&""""&V82&""""&","&""""&W82&""""&","&""""&X82&""""&","&""""&Y82&""""&","&""""&Z82&""""&","&""""&AA82&""""&","&""""&AG82&""""&","&""""&AI82&""""&","&""""&AJ82&""""&"" -> "Maak je keuze","","","46000000","","unspsc","M","","","","","","","A010","","4618X","","True",""
A83: 100 | C83: RO | F83: 8 | G83: (Bescherm)kledij en schoenen, en gerelateerde diensten | H83: 17 | J83: Operationele werking | K83: Persoonlijke beschermingsmiddelen (PBM) | O83: 46000000 | Q83: unspsc | R83: M | W83: K | Y83: A010 | AA83: 4618X | AB83: Persoonlijke beschermingsmiddelen (PBM) buitenlandse leverancier | AC83: D3 | AD83: 0.21 | AE83: L | AG83: 6152000600 | AH83: Aankoop werkkledij | AI83: False | AL83: =""""&J83&""""&","&""""&L83&""""&","&""""&M83&""""&","&""""&O83&""""&","&""""&P83&""""&","&""""&Q83&""""&","&""""&R83&""""&","&""""&S83&""""&","&""""&T83&""""&","&""""&U83&""""&","&""""&V83&""""&","&""""&W83&""""&","&""""&X83&""""&","&""""&Y83&""""&","&""""&Z83&""""&","&""""&AA83&""""&","&""""&AG83&""""&","&""""&AI83&""""&","&""""&AJ83&""""&"" -> "Operationele werking","","","46000000","","unspsc","M","","","","","K","","A010","","4618X","6152000600","False",""
A84: 100 | C84: RO | F84: 8 | G84: (Bescherm)kledij en schoenen, en gerelateerde diensten | H84: 6 | J84: Doorverkoop onderwijs (niet max fac) | K84: Persoonlijke beschermingsmiddelen (PBM) | O84: 46000000 | Q84: unspsc | R84: M | W84: K | Y84: A010 | AA84: 4618X | AB84: Persoonlijke beschermingsmiddelen (PBM) buitenlandse leverancier | AC84: D3 | AD84: 0.21 | AE84: L | AG84: 6030000200 | AH84: Niet maximumfactuur | AI84: False | AL84: =""""&J84&""""&","&""""&L84&""""&","&""""&M84&""""&","&""""&O84&""""&","&""""&P84&""""&","&""""&Q84&""""&","&""""&R84&""""&","&""""&S84&""""&","&""""&T84&""""&","&""""&U84&""""&","&""""&V84&""""&","&""""&W84&""""&","&""""&X84&""""&","&""""&Y84&""""&","&""""&Z84&""""&","&""""&AA84&""""&","&""""&AG84&""""&","&""""&AI84&""""&","&""""&AJ84&""""&"" -> "Doorverkoop onderwijs (niet max fac)","","","46000000","","unspsc","M","","","","","K","","A010","","4618X","6030000200","False",""
A85: 100 | C85: RO | F85: 8 | G85: (Bescherm)kledij en schoenen, en gerelateerde diensten | H85: 7 | J85: Maximumfactuur | K85: Persoonlijke beschermingsmiddelen (PBM) | O85: 46000000 | Q85: unspsc | R85: M | W85: K | Y85: A010 | AA85: 4618X | AB85: Persoonlijke beschermingsmiddelen (PBM) buitenlandse leverancier | AC85: D3 | AD85: 0.21 | AE85: L | AG85: 6030000100 | AH85: MaxFac:mat/uitstap | AI85: False | AL85: =""""&J85&""""&","&""""&L85&""""&","&""""&M85&""""&","&""""&O85&""""&","&""""&P85&""""&","&""""&Q85&""""&","&""""&R85&""""&","&""""&S85&""""&","&""""&T85&""""&","&""""&U85&""""&","&""""&V85&""""&","&""""&W85&""""&","&""""&X85&""""&","&""""&Y85&""""&","&""""&Z85&""""&","&""""&AA85&""""&","&""""&AG85&""""&","&""""&AI85&""""&","&""""&AJ85&""""&"" -> "Maximumfactuur","","","46000000","","unspsc","M","","","","","K","","A010","","4618X","6030000100","False",""
A86: 100 | D86: 6 & 14 | F86: 14 | G86: FD | J86: Maak je keuze | O86: 46000000 | Q86: unspsc | R86: M | Y86: A010 | AA86: 461916 | AB86: Technisch materiaal - brandinstallaties | AC86: A3 | AD86: 0.21 | AE86: L | AI86: True | AL86: =""""&J86&""""&","&""""&L86&""""&","&""""&M86&""""&","&""""&O86&""""&","&""""&P86&""""&","&""""&Q86&""""&","&""""&R86&""""&","&""""&S86&""""&","&""""&T86&""""&","&""""&U86&""""&","&""""&V86&""""&","&""""&W86&""""&","&""""&X86&""""&","&""""&Y86&""""&","&""""&Z86&""""&","&""""&AA86&""""&","&""""&AG86&""""&","&""""&AI86&""""&","&""""&AJ86&""""&"" -> "Maak je keuze","","","46000000","","unspsc","M","","","","","","","A010","","461916","","True",""
A87: 100 | D87: 6 & 14 | F87: 14 | G87: FD | H87: 17 | J87: Operationele werking | O87: 46000000 | Q87: unspsc | R87: M | W87: K | Y87: A010 | AA87: 461916 | AB87: Technisch materiaal - brandinstallaties | AC87: A3 | AD87: 0.21 | AE87: L | AG87: 6103000900 | AH87: Onderhcontract infra | AI87: False | AL87: =""""&J87&""""&","&""""&L87&""""&","&""""&M87&""""&","&""""&O87&""""&","&""""&P87&""""&","&""""&Q87&""""&","&""""&R87&""""&","&""""&S87&""""&","&""""&T87&""""&","&""""&U87&""""&","&""""&V87&""""&","&""""&W87&""""&","&""""&X87&""""&","&""""&Y87&""""&","&""""&Z87&""""&","&""""&AA87&""""&","&""""&AG87&""""&","&""""&AI87&""""&","&""""&AJ87&""""&"" -> "Operationele werking","","","46000000","","unspsc","M","","","","","K","","A010","","461916","6103000900","False",""
A88: 100 | D88: 6 & 14 | F88: 14 | G88: FD | H88: 9 | J88: Investering | O88: 46000000 | Q88: unspsc | R88: M | W88: A | Y88: A010 | AA88: 461916 | AB88: Technisch materiaal - brandinstallaties | AC88: A3 | AD88: 0.21 | AE88: L | AG88: 2300000000 | AH88: Installaties | AI88: False | AL88: =""""&J88&""""&","&""""&L88&""""&","&""""&M88&""""&","&""""&O88&""""&","&""""&P88&""""&","&""""&Q88&""""&","&""""&R88&""""&","&""""&S88&""""&","&""""&T88&""""&","&""""&U88&""""&","&""""&V88&""""&","&""""&W88&""""&","&""""&X88&""""&","&""""&Y88&""""&","&""""&Z88&""""&","&""""&AA88&""""&","&""""&AG88&""""&","&""""&AI88&""""&","&""""&AJ88&""""&"" -> "Investering","","","46000000","","unspsc","M","","","","","A","","A010","","461916","2300000000","False",""
A89: 100 | D89: 6 & 14 | F89: 14 | G89: FD | J89: Maak je keuze | O89: 46000000 | Q89: unspsc | R89: M | Y89: A010 | AA89: 46191609 | AB89: Technisch materiaal - brandinstallaties | AC89: A1 | AD89: 0.06 | AE89: L | AI89: True | AL89: =""""&J89&""""&","&""""&L89&""""&","&""""&M89&""""&","&""""&O89&""""&","&""""&P89&""""&","&""""&Q89&""""&","&""""&R89&""""&","&""""&S89&""""&","&""""&T89&""""&","&""""&U89&""""&","&""""&V89&""""&","&""""&W89&""""&","&""""&X89&""""&","&""""&Y89&""""&","&""""&Z89&""""&","&""""&AA89&""""&","&""""&AG89&""""&","&""""&AI89&""""&","&""""&AJ89&""""&"" -> "Maak je keuze","","","46000000","","unspsc","M","","","","","","","A010","","46191609","","True",""
A90: 100 | D90: 6 & 14 | F90: 14 | G90: FD | H90: 17 | J90: Operationele werking | O90: 46000000 | Q90: unspsc | R90: M | W90: K | Y90: A010 | AA90: 46191609 | AB90: Technisch materiaal - brandinstallaties | AC90: A1 | AD90: 0.06 | AE90: L | AG90: 6103000900 | AH90: Onderhcontract infra | AI90: False | AL90: =""""&J90&""""&","&""""&L90&""""&","&""""&M90&""""&","&""""&O90&""""&","&""""&P90&""""&","&""""&Q90&""""&","&""""&R90&""""&","&""""&S90&""""&","&""""&T90&""""&","&""""&U90&""""&","&""""&V90&""""&","&""""&W90&""""&","&""""&X90&""""&","&""""&Y90&""""&","&""""&Z90&""""&","&""""&AA90&""""&","&""""&AG90&""""&","&""""&AI90&""""&","&""""&AJ90&""""&"" -> "Operationele werking","","","46000000","","unspsc","M","","","","","K","","A010","","46191609","6103000900","False",""
A91: 100 | D91: 6 & 14 | F91: 14 | G91: FD | H91: 9 | J91: Investering | O91: 46000000 | Q91: unspsc | R91: M | W91: A | Y91: A010 | AA91: 46191609 | AB91: Technisch materiaal - brandinstallaties | AC91: A1 | AD91: 0.06 | AE91: L | AG91: 2300000000 | AH91: Installaties | AI91: False | AL91: =""""&J91&""""&","&""""&L91&""""&","&""""&M91&""""&","&""""&O91&""""&","&""""&P91&""""&","&""""&Q91&""""&","&""""&R91&""""&","&""""&S91&""""&","&""""&T91&""""&","&""""&U91&""""&","&""""&V91&""""&","&""""&W91&""""&","&""""&X91&""""&","&""""&Y91&""""&","&""""&Z91&""""&","&""""&AA91&""""&","&""""&AG91&""""&","&""""&AI91&""""&","&""""&AJ91&""""&"" -> "Investering","","","46000000","","unspsc","M","","","","","A","","A010","","46191609","2300000000","False",""
A92: 100 | B92: Geen adhoc voorzien voor geen enkele RO, later aan te maken eventueel op aangeven van kevin | C92: RO uniek | F92: 14 | G92: FD | I92: aew, waasland , tein, | J92: Maak je keuze | K92: Veiligheid gebouw | O92: 46000000 | Q92: unspsc | R92: M | Y92: A010 | AA92: 46191505 | AB92: Veiligheid gebouw - brand | AC92: B1 | AD92: 0.06 | AE92: D | AI92: True | AL92: =""""&J92&""""&","&""""&L92&""""&","&""""&M92&""""&","&""""&O92&""""&","&""""&P92&""""&","&""""&Q92&""""&","&""""&R92&""""&","&""""&S92&""""&","&""""&T92&""""&","&""""&U92&""""&","&""""&V92&""""&","&""""&W92&""""&","&""""&X92&""""&","&""""&Y92&""""&","&""""&Z92&""""&","&""""&AA92&""""&","&""""&AG92&""""&","&""""&AI92&""""&","&""""&AJ92&""""&"" -> "Maak je keuze","","","46000000","","unspsc","M","","","","","","","A010","","46191505","","True",""
A93: 100 | B93: Geen adhoc voorzien voor geen enkele RO, later aan te maken eventueel op aangeven van kevin | C93: RO uniek | F93: 14 | G93: FD | H93: 17 | I93: aew, waasland , tein, | J93: Operationele werking | O93: 46000000 | Q93: unspsc | R93: M | W93: K | Y93: A010 | AA93: 46191505 | AB93: Veiligheid gebouw - brand | AC93: B1 | AD93: 0.06 | AE93: D | AG93: 6103000600 | AH93: Beveilig/signal geb | AI93: False | AL93: =""""&J93&""""&","&""""&L93&""""&","&""""&M93&""""&","&""""&O93&""""&","&""""&P93&""""&","&""""&Q93&""""&","&""""&R93&""""&","&""""&S93&""""&","&""""&T93&""""&","&""""&U93&""""&","&""""&V93&""""&","&""""&W93&""""&","&""""&X93&""""&","&""""&Y93&""""&","&""""&Z93&""""&","&""""&AA93&""""&","&""""&AG93&""""&","&""""&AI93&""""&","&""""&AJ93&""""&"" -> "Operationele werking","","","46000000","","unspsc","M","","","","","K","","A010","","46191505","6103000600","False",""
A94: 100 | B94: Geen adhoc voorzien voor geen enkele RO, later aan te maken eventueel op aangeven van kevin | C94: RO uniek | D94: 7 & 14 | F94: 14 | G94: FD | H94: 9 | I94: aew, waasland , tein, | J94: Investering | O94: 46000000 | Q94: unspsc | R94: M | W94: A | Y94: A010 | AA94: 46191505 | AB94: Veiligheid gebouw - brand | AC94: B1 | AD94: 0.06 | AE94: D | AG94: 2231000000 | AH94: VA erfp ond/werk | AI94: False | AL94: =""""&J94&""""&","&""""&L94&""""&","&""""&M94&""""&","&""""&O94&""""&","&""""&P94&""""&","&""""&Q94&""""&","&""""&R94&""""&","&""""&S94&""""&","&""""&T94&""""&","&""""&U94&""""&","&""""&V94&""""&","&""""&W94&""""&","&""""&X94&""""&","&""""&Y94&""""&","&""""&Z94&""""&","&""""&AA94&""""&","&""""&AG94&""""&","&""""&AI94&""""&","&""""&AJ94&""""&"" -> "Investering","","","46000000","","unspsc","M","","","","","A","","A010","","46191505","2231000000","False",""
A95: 100 | B95: Geen adhoc voorzien voor geen enkele RO, later aan te maken eventueel op aangeven van kevin | C95: RO uniek | F95: 14 | G95: FD | I95: aew, waasland , tein, | J95: Maak je keuze | K95: Veiligheid gebouw | O95: 46000000 | Q95: unspsc | R95: M | Y95: A010 | AA95: 46171604 | AB95: Veiligheid gebouw - inbraak | AC95: B1 | AD95: 0.06 | AE95: D | AI95: True | AL95: =""""&J95&""""&","&""""&L95&""""&","&""""&M95&""""&","&""""&O95&""""&","&""""&P95&""""&","&""""&Q95&""""&","&""""&R95&""""&","&""""&S95&""""&","&""""&T95&""""&","&""""&U95&""""&","&""""&V95&""""&","&""""&W95&""""&","&""""&X95&""""&","&""""&Y95&""""&","&""""&Z95&""""&","&""""&AA95&""""&","&""""&AG95&""""&","&""""&AI95&""""&","&""""&AJ95&""""&"" -> "Maak je keuze","","","46000000","","unspsc","M","","","","","","","A010","","46171604","","True",""
A96: 100 | B96: Geen adhoc voorzien voor geen enkele RO, later aan te maken eventueel op aangeven van kevin | C96: RO uniek | F96: 14 | G96: FD | H96: 17 | I96: aew, waasland , tein, | J96: Operationele werking | O96: 46000000 | Q96: unspsc | R96: M | W96: K | Y96: A010 | AA96: 46171604 | AB96: Veiligheid gebouw - inbraak | AC96: B1 | AD96: 0.06 | AE96: D | AG96: 6103000600 | AH96: Beveilig/signal geb | AI96: False | AL96: =""""&J96&""""&","&""""&L96&""""&","&""""&M96&""""&","&""""&O96&""""&","&""""&P96&""""&","&""""&Q96&""""&","&""""&R96&""""&","&""""&S96&""""&","&""""&T96&""""&","&""""&U96&""""&","&""""&V96&""""&","&""""&W96&""""&","&""""&X96&""""&","&""""&Y96&""""&","&""""&Z96&""""&","&""""&AA96&""""&","&""""&AG96&""""&","&""""&AI96&""""&","&""""&AJ96&""""&"" -> "Operationele werking","","","46000000","","unspsc","M","","","","","K","","A010","","46171604","6103000600","False",""
A97: 100 | B97: Geen adhoc voorzien voor geen enkele RO, later aan te maken eventueel op aangeven van kevin | C97: RO uniek | F97: 14 | G97: FD | H97: 9 | I97: aew, waasland , tein, | J97: Investering | O97: 46000000 | Q97: unspsc | R97: M | W97: A | Y97: A010 | AA97: 46171604 | AB97: Veiligheid gebouw - inbraak | AC97: B1 | AD97: 0.06 | AE97: D | AG97: 2231000000 | AH97: VA erfp ond/werk | AI97: False | AL97: =""""&J97&""""&","&""""&L97&""""&","&""""&M97&""""&","&""""&O97&""""&","&""""&P97&""""&","&""""&Q97&""""&","&""""&R97&""""&","&""""&S97&""""&","&""""&T97&""""&","&""""&U97&""""&","&""""&V97&""""&","&""""&W97&""""&","&""""&X97&""""&","&""""&Y97&""""&","&""""&Z97&""""&","&""""&AA97&""""&","&""""&AG97&""""&","&""""&AI97&""""&","&""""&AJ97&""""&"" -> "Investering","","","46000000","","unspsc","M","","","","","A","","A010","","46171604","2231000000","False",""
A98: 100 | B98: Geen adhoc voorzien voor geen enkele RO, later aan te maken eventueel op aangeven van kevin | C98: RO uniek | F98: 14 | G98: FD | J98: Maak je keuze | K98: Veiligheid gebouw | O98: 46000000 | Q98: unspsc | R98: M | Y98: A010 | AA98: 461915 | AB98: Veiligheid gebouw - brand | AC98: B3 | AD98: 0.21 | AE98: D | AI98: True | AL98: =""""&J98&""""&","&""""&L98&""""&","&""""&M98&""""&","&""""&O98&""""&","&""""&P98&""""&","&""""&Q98&""""&","&""""&R98&""""&","&""""&S98&""""&","&""""&T98&""""&","&""""&U98&""""&","&""""&V98&""""&","&""""&W98&""""&","&""""&X98&""""&","&""""&Y98&""""&","&""""&Z98&""""&","&""""&AA98&""""&","&""""&AG98&""""&","&""""&AI98&""""&","&""""&AJ98&""""&"" -> "Maak je keuze","","","46000000","","unspsc","M","","","","","","","A010","","461915","","True",""
A99: 100 | B99: Geen adhoc voorzien voor geen enkele RO, later aan te maken eventueel op aangeven van kevin | C99: RO uniek | F99: 14 | G99: FD | H99: 17 | J99: Operationele werking | O99: 46000000 | Q99: unspsc | R99: M | W99: K | Y99: A010 | AA99: 461915 | AB99: Veiligheid gebouw - brand | AC99: B3 | AD99: 0.21 | AE99: D | AG99: 6103000600 | AH99: Beveilig/signal geb | AI99: False | AL99: =""""&J99&""""&","&""""&L99&""""&","&""""&M99&""""&","&""""&O99&""""&","&""""&P99&""""&","&""""&Q99&""""&","&""""&R99&""""&","&""""&S99&""""&","&""""&T99&""""&","&""""&U99&""""&","&""""&V99&""""&","&""""&W99&""""&","&""""&X99&""""&","&""""&Y99&""""&","&""""&Z99&""""&","&""""&AA99&""""&","&""""&AG99&""""&","&""""&AI99&""""&","&""""&AJ99&""""&"" -> "Operationele werking","","","46000000","","unspsc","M","","","","","K","","A010","","461915","6103000600","False",""
A100: 100 | B100: Geen adhoc voorzien voor geen enkele RO, later aan te maken eventueel op aangeven van kevin | C100: RO uniek | D100: 7 & 14 | F100: 14 | G100: FD | H100: 9 | J100: Investering | O100: 46000000 | Q100: unspsc | R100: M | W100: A | Y100: A010 | AA100: 461915 | AB100: Veiligheid gebouw - brand | AC100: B3 | AD100: 0.21 | AE100: D | AG100: 2231000000 | AH100: VA erfp ond/werk | AI100: False | AL100: =""""&J100&""""&","&""""&L100&""""&","&""""&M100&""""&","&""""&O100&""""&","&""""&P100&""""&","&""""&Q100&""""&","&""""&R100&""""&","&""""&S100&""""&","&""""&T100&""""&","&""""&U100&""""&","&""""&V100&""""&","&""""&W100&""""&","&""""&X100&""""&","&""""&Y100&""""&","&""""&Z100&""""&","&""""&AA100&""""&","&""""&AG100&""""&","&""""&AI100&""""&","&""""&AJ100&""""&"" -> "Investering","","","46000000","","unspsc","M","","","","","A","","A010","","461915","2231000000","False",""
...

Sheet Blad2
A1: NR TEGEL | B1: TEGELNAAM | C1: LEVEL 2 | D1: Omschrijving tegel | E1: AccountType | F1: Grootboekrekening | G1: Omschrijving GB | H1: Budgetpositie | I1: btw-code
A2: 1 | B2: Eten en drinken | C2: Dranken | D2: Alcoholische dranken | E2: Didactisch materiaal | F2: 6161000200 | G2: Didactisch materiaal | H2: =VLOOKUP(F2,Blad3!$1:$1048576,3,FALSE) -> 61612000 | I2: 0.21
A3: 1 | B3: Eten en drinken | C3: Dranken | D3: Alcoholische dranken | E3: Evenementen (bv infodagen & personeelsfeest) | F3: 6151000400 | G3: Evenementen | H3: =VLOOKUP(F3,Blad3!$1:$1048576,3,FALSE) -> 61510000 | I3: 0.21
A4: 1 | B4: Eten en drinken | C4: Dranken | D4: Alcoholische dranken | E4: Recepties & vergaderingen personeel / leerlingen | F4: 6152000300 | G4: Recepties/vergader | H4: =VLOOKUP(F4,Blad3!$1:$1048576,3,FALSE) -> 61530000 | I4: 0.21
A5: 1 | B5: Eten en drinken | C5: Dranken | D5: Alcoholische dranken | E5: Doorverkoop onderwijs (niet max fac) | F5: 6030000200 | G5: Niet maximumfactuur | H5: =VLOOKUP(F5,Blad3!$1:$1048576,3,FALSE) -> 60320000 | I5: 0.21
A6: 1 | B6: Eten en drinken | C6: Voeding | D6: Alcoholische dranken | E6: Representatie externen | F6: 6146000400 | G6: Representatiekosten | H6: =VLOOKUP(F6,Blad3!$1:$1048576,3,FALSE) -> 61460000 | I6: 0.21
A7: 1 | B7: Eten en drinken | C7: Voeding | D7: Alcoholische dranken | E7: Teambuilding | F7: 6152000200 | G7: Personeelsactiviteit | H7: =VLOOKUP(F7,Blad3!$1:$1048576,3,FALSE) -> 61520002 | I7: 0.21
A8: 1 | B8: Eten en drinken | C8: Eten | D8: Broodjes | E8: Recepties & vergaderingen personeel / leerlingen | F8: 6152000300 | G8: Recepties/vergader | H8: =VLOOKUP(F8,Blad3!$1:$1048576,3,FALSE) -> 61530000 | I8: 0.06
A9: 1 | B9: Eten en drinken | C9: Eten | D9: Broodjes | E9: Aankoop voor doorverkoop niet onderwijs | F9: 6030000300 | G9: Aank divers n ond | H9: =VLOOKUP(F9,Blad3!$1:$1048576,3,FALSE) -> 60330000 | I9: 0.06
A10: 1 | B10: Eten en drinken | C10: Eten | D10: Broodjes | E10: Didactisch materiaal | F10: 6161000200 | G10: Didactisch materiaal | H10: =VLOOKUP(F10,Blad3!$1:$1048576,3,FALSE) -> 61612000 | I10: 0.06
A11: 1 | B11: Eten en drinken | C11: Eten | D11: Broodjes | E11: Evenementen (bv infodagen & personeelsfeest) | F11: 6151000400 | G11: Evenementen | H11: =VLOOKUP(F11,Blad3!$1:$1048576,3,FALSE) -> 61510000 | I11: 0.06
A12: 1 | B12: Eten en drinken | C12: Eten | D12: Broodjes | E12: Representatie externen | F12: 6146000400 | G12: Representatiekosten | H12: =VLOOKUP(F12,Blad3!$1:$1048576,3,FALSE) -> 61460000 | I12: 0.06
A13: 1 | B13: Eten en drinken | C13: Eten | D13: Broodjes | E13: Nascholing | F13: 6152000100 | G13: Opleidingskosten | H13: =VLOOKUP(F13,Blad3!$1:$1048576,3,FALSE) -> 61520001 | I13: 0.06
... A174: 4 | B174: Bloemen, planten en dieren | C174: Boeketten, rouwkransen en kamerplanten | D174: Boeketten, rouwkransen en kamerplanten | E174: Representatie externen | F174: 6146000400 | G174: Representatiekosten | H174: =VLOOKUP(F174,Blad3!$1:$1048576,3,FALSE) -> 61460000 | I174: 0.06
A175: 4 | B175: Andere zaken | C175: Doorrekening binnen AG SO | D175: Boeketten, rouwkransen en kamerplanten | E175: Doorrekening binnen AG SO | F175: 4991000100 | G175: Doorrek binnen AGSO | I175: 0
A176: 4 | B176: Bloemen, planten en dieren | C176: Bomen, planten en struiken | D176: Bomen, planten en struiken | E176: Operationele werking | F176: 6146000900 | G176: Kantoorkosten | H176: =VLOOKUP(F176,Blad3!$1:$1048576,3,FALSE) -> 61490000 | I176: 0.06
A177: 4 | B177: Bloemen, planten en dieren | C177: Bomen, planten en struiken | D177: Bomen, planten en struiken | E177: Aankoop voor doorverkoop niet onderwijs | F177: 6030000300 | G177: Aank divers n ond | H177: =VLOOKUP(F177,Blad3!$1:$1048576,3,FALSE) -> 60330000 | I177: 0.06
A178: 4 | B178: Bloemen, planten en dieren | C178: Bomen, planten en struiken | D178: Bomen, planten en struiken | E178: Didactisch materiaal | F178: 6161000200 | G178: Didactisch materiaal | H178: =VLOOKUP(F178,Blad3!$1:$1048576,3,FALSE) -> 61612000 | I178: 0.06
A179: 4 | B179: Bloemen, planten en dieren | C179: Bomen, planten en struiken | D179: Bomen, planten en struiken | E179: Investering | F179: 2231000000 | G179: VA erfp ond/werk | H179: =VLOOKUP(F179,Blad3!$1:$1048576,3,FALSE) -> 22310000 | I179: 0.06
A180: 4 | B180: Bloemen, planten en dieren | C180: Bomen, planten en struiken | D180: Bomen, planten en struiken | E180: Doorrekening binnen AG SO | F180: 4991000100 | G180: Doorrek binnen AGSO | I180: 0
A181: 4 | B181: Bloemen, planten en dieren | C181: Dierenbenodigdheden | D181: Dieren en benodigdheden | E181: Operationele werking | F181: 6141100100 | G181: Tech ben/gereeds RG | H181: =VLOOKUP(F181,Blad3!$1:$1048576,3,FALSE) -> 61411000 | I181: 0.21
A182: 4 | B182: Bloemen, planten en dieren | C182: Dierenbenodigdheden | D182: Dieren en benodigdheden | E182: Didactisch materiaal | F182: 6161000200 | G182: Didactisch materiaal | H182: =VLOOKUP(F182,Blad3!$1:$1048576,3,FALSE) -> 61612000 | I182: 0.21
A183: 4 | B183: Bloemen, planten en dieren | C183: Tuin- en landbouw producten | D183: Tuin- en landbouw producten | E183: Didactisch materiaal | F183: 6161000200 | G183: Didactisch materiaal | H183: =VLOOKUP(F183,Blad3!$1:$1048576,3,FALSE) -> 61612000 | I183: 0.21
A184: 5 | B184: Elektrotoestellen, machines en gereedschappen | C184: ICT- materiaal | D184: Betaalterminaal | E184: Operationele werking | F184: 6141000100 | G184: Leasing/huur RG nrol | H184: =VLOOKUP(F184,Blad3!$1:$1048576,3,FALSE) -> 61410000 | I184: 0.21
A185: 5 | B185: Elektrotoestellen, machines en gereedschappen | C185: ICT- materiaal | D185: Betaalterminaal | E185: Investering | F185: 2301000000 | G185: Mach en gereed | H185: =VLOOKUP(F185,Blad3!$1:$1048576,3,FALSE) -> 23010000 | I185: 0.21
A186: 5 | B186: Elektrotoestellen, machines en gereedschappen | C186: ICT- materiaal | D186: IT randapparatuur en multimedia, klein ict incl. 2de hands | E186: Operationele werking | F186: 6146000900 | G186: Kantoorkosten | H186: =VLOOKUP(F186,Blad3!$1:$1048576,3,FALSE) -> 61490000 | I186: 0.21
A187: 5 | B187: Elektrotoestellen, machines en gereedschappen | C187: ICT- materiaal | D187: IT randapparatuur en multimedia, klein ict incl. 2de hands | E187: Investering | F187: 2402000000 | G187: Informatica mat | H187: =VLOOKUP(F187,Blad3!$1:$1048576,3,FALSE) -> 24020000 | I187: 0.21
A188: 5 | B188: Elektrotoestellen, machines en gereedschappen | C188: ICT- materiaal | D188: Sofwarelicenties scholen | E188: Didactisch materiaal | F188: 6161000200 | G188: Didactisch materiaal | H188: =VLOOKUP(F188,Blad3!$1:$1048576,3,FALSE) -> 61612000 | I188: 0.21
A189: 5 | B189: Elektrotoestellen, machines en gereedschappen | C189: ICT- materiaal | D189: Sofwarelicenties scholen | E189: Investering | F189: 2110000000 | G189: Conc oct lic kh | H189: =VLOOKUP(F189,Blad3!$1:$1048576,3,FALSE) -> 21100000 | I189: 0.21
A190: 5 | B190: Elektrotoestellen, machines en gereedschappen | C190: ICT- materiaal | D190: Sofwarelicenties scholen (niet pedagogisch) | E190: Operationele werking | F190: 6146000900 | G190: Kantoorkosten | H190: =VLOOKUP(F190,Blad3!$1:$1048576,3,FALSE) -> 61490000 | I190: 0.21
A191: 5 | B191: Elektrotoestellen, machines en gereedschappen | C191: ICT- materiaal | D191: Sofwarelicenties scholen buitenlandse leverancier | E191: Didactisch materiaal | F191: 6161000200 | G191: Didactisch materiaal | H191: =VLOOKUP(F191,Blad3!$1:$1048576,3,FALSE) -> 61612000 | I191: 0.21
A192: 5 | B192: Elektrotoestellen, machines en gereedschappen | C192: ICT- materiaal | D192: Sofwarelicenties scholen buitenlandse leverancier | E192: Investering | F192: 2110000000 | G192: Conc oct lic kh | H192: =VLOOKUP(F192,Blad3!$1:$1048576,3,FALSE) -> 21100000 | I192: 0.21
... A199: 5 | B199: Elektrotoestellen, machines en gereedschappen | C199: Huishoudtoestellen | D199: Huishoud- en industriële toestellen | E199: Operationele werking | F199: 6141100100 | G199: Tech ben/gereeds RG | H199: =VLOOKUP(F199,Blad3!$1:$1048576,3,FALSE) -> 61411000 | I199: 0.21
A200: 5 | B200: Elektrotoestellen, machines en gereedschappen | D200: Brandstof aangedreven gereedschap | E200: Operationele werking | F200: 6141100300 | G200: Onderh/herst RG | H200: =VLOOKUP(F200,Blad3!$1:$1048576,3,FALSE) -> 61410000 | I200: 0.21
A201: 5 | B201: FD | D201: Brandstof aangedreven gereedschap | E201: Operationele werking | F201: 6141100300 | G201: Onderh/herst RG | H201: =VLOOKUP(F201,Blad3!$1:$1048576,3,FALSE) -> 61410000 | I201: 0.21
A202: 5 | B202: Elektrotoestellen, machines en gereedschappen | C202: Medische apparatuur | D202: AED toestellen | E202: Investering | F202: 2301000000 | G202: Mach en gereed | H202: =VLOOKUP(F202,Blad3!$1:$1048576,3,FALSE) -> 23010000 | I202: 0.21
A203: 5 | B203: Elektrotoestellen, machines en gereedschappen | D203: 3D Printers en lasercutters | E203: Investering | F203: 2402000000 | G203: Informatica mat | H203: =VLOOKUP(F203,Blad3!$1:$1048576,3,FALSE) -> 24020000 | I203: 0.21
A204: 5 | B204: Elektrotoestellen, machines en gereedschappen | C204: ICT- materiaal | D204: Apple producten | E204: Investering | F204: 2402000000 | G204: Informatica mat | H204: =VLOOKUP(F204,Blad3!$1:$1048576,3,FALSE) -> 24020000 | I204: 0.21
A205: 5 | B205: Elektrotoestellen, machines en gereedschappen | C205: ICT- materiaal | D205: Geluidsinstallatie | E205: Investering | F205: 2302000000 | G205: Uitr en inricht | H205: =VLOOKUP(F205,Blad3!$1:$1048576,3,FALSE) -> 23020000 | I205: 0.21
A206: 5 | B206: Elektrotoestellen, machines en gereedschappen | C206: ICT- materiaal | D206: Klein ICT materiaal buitenlandse leverancier | E206: Operationele werking | F206: 6146000900 | G206: Kantoorkosten | H206: =VLOOKUP(F206,Blad3!$1:$1048576,3,FALSE) -> 61490000 | I206: 0.21
A207: 5 | B207: Elektrotoestellen, machines en gereedschappen | C207: ICT- materiaal | D207: Laptops en chromebooks | E207: Investering | F207: 2402000000 | G207: Informatica mat | H207: =VLOOKUP(F207,Blad3!$1:$1048576,3,FALSE) -> 24020000 | I207: 0.21
A208: 5 | B208: Elektrotoestellen, machines en gereedschappen | C208: ICT- materiaal | D208: Oplaadkasten | E208: Investering | F208: 2302000000 | G208: Uitr en inricht | H208: =VLOOKUP(F208,Blad3!$1:$1048576,3,FALSE) -> 23020000 | I208: 0.21
A209: 5 | B209: Elektrotoestellen, machines en gereedschappen | C209: ICT- materiaal | D209: Presentatiematerialen en beamers | E209: Investering | F209: 2302000000 | G209: Uitr en inricht | H209: =VLOOKUP(F209,Blad3!$1:$1048576,3,FALSE) -> 23020000 | I209: 0.21
A210: 5 | B210: Elektrotoestellen, machines en gereedschappen | C210: TV & Telefonie | D210: TV & Internet & Telefonie | E210: Operationele werking | F210: 6146000500 | G210: Telecommunicatie | H210: =VLOOKUP(F210,Blad3!$1:$1048576,3,FALSE) -> 61460000 | I210: 0.21
A211: 5 | B211: Elektrotoestellen, machines en gereedschappen | D211: Industriële toestellen | E211: Investering | F211: 2301000000 | G211: Mach en gereed | H211: =VLOOKUP(F211,Blad3!$1:$1048576,3,FALSE) -> 23010000 | I211: 0.21
A212: 5 | B212: Elektrotoestellen, machines en gereedschappen | C212: ICT- materiaal | D212: Leermethodes | E212: Investering | F212: 2302000000 | G212: Uitr en inricht | H212: =VLOOKUP(F212,Blad3!$1:$1048576,3,FALSE) -> 23020000 | I212: 0.06
A213: 5 | B213: Elektrotoestellen, machines en gereedschappen | C213: ICT- materiaal | D213: Leermethodes buitenlandse leverancier | E213: Investering | F213: 2302000000 | G213: Uitr en inricht | H213: =VLOOKUP(F213,Blad3!$1:$1048576,3,FALSE) -> 23020000 | I213: 0.06
A214: 5 | B214: Elektrotoestellen, machines en gereedschappen | C214: Onderhoud & Herstelling | D214: Onderhoud & Herstelling elektrisch gereedschap | E214: Operationele werking | F214: 6141100300 | G214: Onderh/herst RG | H214: =VLOOKUP(F214,Blad3!$1:$1048576,3,FALSE) -> 61410000 | I214: 0.21
A215: 5 | B215: Elektrotoestellen, machines en gereedschappen | C215: Onderhoud & Herstelling | D215: Onderhoud & Herstelling huishoudtoestellen & industriële toestellen | E215: Operationele werking | F215: 6141100300 | G215: Onderh/herst RG | H215: =VLOOKUP(F215,Blad3!$1:$1048576,3,FALSE) -> 61410000 | I215: 0.21
A216: 5 | B216: Elektrotoestellen, machines en gereedschappen | C216: Onderhoud & Herstelling | D216: Onderhoud & Herstelling kantoormachines | E216: Operationele werking | F216: 6141100300 | G216: Onderh/herst RG | H216: =VLOOKUP(F216,Blad3!$1:$1048576,3,FALSE) -> 61410000 | I216: 0.21
A217: 5 | B217: Elektrotoestellen, machines en gereedschappen | C217: Onderhoud & Herstelling | D217: Onderhoud & Herstelling machine / werktuigen | E217: Operationele werking | F217: 6141100300 | G217: Onderh/herst RG | H217: =VLOOKUP(F217,Blad3!$1:$1048576,3,FALSE) -> 61410000 | I217: 0.21
A218: 5 | B218: Elektrotoestellen, machines en gereedschappen | C218: Onderhoud & Herstelling | D218: Onderhoud & Herstelling medische apparatuur | E218: Operationele werking | F218: 6141100300 | G218: Onderh/herst RG | H218: =VLOOKUP(F218,Blad3!$1:$1048576,3,FALSE) -> 61410000 | I218: 0.21
A219: 5 | B219: Elektrotoestellen, machines en gereedschappen | C219: Onderhoud & Herstelling | D219: Onderhoud & Herstelling technische installatie | E219: Operationele werking | F219: 6141100300 | G219: Onderh/herst RG | H219: =VLOOKUP(F219,Blad3!$1:$1048576,3,FALSE) -> 61410000 | I219: 0.21
A220: 5 | B220: Elektrotoestellen, machines en gereedschappen | C220: Kantoormachines | D220: Leasing copieermachine | E220: Investering | F220: 2510000000 | G220: Leas in/ma/uitr | H220: =VLOOKUP(F220,Blad3!$1:$1048576,3,FALSE) -> 25100000 | I220: 0
A221: 5 | B221: Elektrotoestellen, machines en gereedschappen | C221: Keuringsdiensten | D221: Keuringsdiensten technische installatie RG | E221: Operationele werking | F221: 6141100400 | G221: Controle/keuring RG | H221: =VLOOKUP(F221,Blad3!$1:$1048576,3,FALSE) -> 61410000 | I221: 0.21
A222: 5 | B222: Elektrotoestellen, machines en gereedschappen | C222: Onderhoud & Herstelling | D222: Onderhoud & Herstelling beamers | E222: Operationele werking | F222: 6141100300 | G222: Onderh/herst RG | H222: =VLOOKUP(F222,Blad3!$1:$1048576,3,FALSE) -> 61410000 | I222: 0.21
A223: 5 | B223: Elektrotoestellen, machines en gereedschappen | C223: Onderhoud & Herstelling | D223: Onderhoud & Herstelling betaalterminal | E223: Operationele werking | F223: 6141100300 | G223: Onderh/herst RG | H223: =VLOOKUP(F223,Blad3!$1:$1048576,3,FALSE) -> 61410000 | I223: 0.21
... A282: 8 | B282: (Bescherm)kledij en schoenen, en gerelateerde diensten | C282: Beroeps- en veiligheidskleding en PBM | D282: Beroeps- en veiligheidskleding buitenlandse leverancier | E282: Maximumfactuur | F282: 6030000100 | G282: MaxFac:mat/uitstap | H282: =VLOOKUP(F282,Blad3!$1:$1048576,3,FALSE) -> 60310100 | I282: 0.21
A283: 8 | B283: (Bescherm)kledij en schoenen, en gerelateerde diensten | D283: Beroeps- en veiligheidskleding CBM (collectieve beschermmiddelen) | E283: Operationele werking | F283: 6152000600 | G283: Aankoop werkkledij | H283: =VLOOKUP(F283,Blad3!$1:$1048576,3,FALSE) -> 61560000 | I283: 0.21
A284: 8 | B284: (Bescherm)kledij en schoenen, en gerelateerde diensten | D284: Beroeps- en veiligheidskleding CBM (collectieve beschermmiddelen) | E284: Investering | F284: 2302000000 | G284: Uitr en inricht | H284: =VLOOKUP(F284,Blad3!$1:$1048576,3,FALSE) -> 23020000 | I284: 0.21
A285: 8 | B285: (Bescherm)kledij en schoenen, en gerelateerde diensten | D285: Beroeps- en veiligheidskleding CBM (collectieve beschermmiddelen) buitenlandse leverancier | E285: Operationele werking | F285: 6152000600 | G285: Aankoop werkkledij | H285: =VLOOKUP(F285,Blad3!$1:$1048576,3,FALSE) -> 61560000 | I285: 0.21
A286: 8 | B286: (Bescherm)kledij en schoenen, en gerelateerde diensten | D286: Beroeps- en veiligheidskleding CBM (collectieve beschermmiddelen) buitenlandse leverancier | E286: Investering | F286: 2302000000 | G286: Uitr en inricht | H286: =VLOOKUP(F286,Blad3!$1:$1048576,3,FALSE) -> 23020000 | I286: 0.21
A287: 8 | B287: (Bescherm)kledij en schoenen, en gerelateerde diensten | C287: Persoonlijke beschermingsmiddelen (PBM) | D287: Persoonlijke beschermingsmiddelen (PBM) | E287: Operationele werking | F287: 6152000600 | G287: Aankoop werkkledij | H287: =VLOOKUP(F287,Blad3!$1:$1048576,3,FALSE) -> 61560000 | I287: 0.21
A288: 8 | B288: (Bescherm)kledij en schoenen, en gerelateerde diensten | C288: Persoonlijke beschermingsmiddelen (PBM) | D288: Persoonlijke beschermingsmiddelen (PBM) | E288: Doorverkoop onderwijs (niet max fac) | F288: 6030000200 | G288: Niet maximumfactuur | H288: =VLOOKUP(F288,Blad3!$1:$1048576,3,FALSE) -> 60320000 | I288: 0.21
A289: 8 | B289: (Bescherm)kledij en schoenen, en gerelateerde diensten | C289: Persoonlijke beschermingsmiddelen (PBM) | D289: Persoonlijke beschermingsmiddelen (PBM) | E289: Maximumfactuur | F289: 6030000100 | G289: MaxFac:mat/uitstap | H289: =VLOOKUP(F289,Blad3!$1:$1048576,3,FALSE) -> 60310100 | I289: 0.21
A290: 8 | B290: (Bescherm)kledij en schoenen, en gerelateerde diensten | C290: Persoonlijke beschermingsmiddelen (PBM) | D290: Persoonlijke beschermingsmiddelen (PBM) buitenlandse leverancier | E290: Operationele werking | F290: 6152000600 | G290: Aankoop werkkledij | H290: =VLOOKUP(F290,Blad3!$1:$1048576,3,FALSE) -> 61560000 | I290: 0.21
A291: 8 | B291: (Bescherm)kledij en schoenen, en gerelateerde diensten | C291: Persoonlijke beschermingsmiddelen (PBM) | D291: Persoonlijke beschermingsmiddelen (PBM) buitenlandse leverancier | E291: Doorverkoop onderwijs (niet max fac) | F291: 6030000200 | G291: Niet maximumfactuur | H291: =VLOOKUP(F291,Blad3!$1:$1048576,3,FALSE) -> 60320000 | I291: 0.21
A292: 8 | B292: (Bescherm)kledij en schoenen, en gerelateerde diensten | C292: Persoonlijke beschermingsmiddelen (PBM) | D292: Persoonlijke beschermingsmiddelen (PBM) buitenlandse leverancier | E292: Maximumfactuur | F292: 6030000100 | G292: MaxFac:mat/uitstap | H292: =VLOOKUP(F292,Blad3!$1:$1048576,3,FALSE) -> 60310100 | I292: 0.21
A293: 8 | B293: (Bescherm)kledij en schoenen, en gerelateerde diensten | C293: Sportkleding en sportschoenen | D293: Sportkleding en sportschoenen | E293: Doorverkoop onderwijs (niet max fac) | F293: 6030000200 | G293: Niet maximumfactuur | H293: =VLOOKUP(F293,Blad3!$1:$1048576,3,FALSE) -> 60320000 | I293: 0.21
A294: 8 | B294: (Bescherm)kledij en schoenen, en gerelateerde diensten | C294: Sportkleding en sportschoenen | D294: Sportkleding en sportschoenen buitenlandse leverancier | E294: Doorverkoop onderwijs (niet max fac) | F294: 6030000200 | G294: Niet maximumfactuur | H294: =VLOOKUP(F294,Blad3!$1:$1048576,3,FALSE) -> 60320000 | I294: 0.21
A295: 8 | B295: (Bescherm)kledij en schoenen, en gerelateerde diensten | C295: Onderhoud werkkleding en andere artikelen | D295: Wasserij | E295: Operationele werking | F295: 6145000200 | G295: Wasserij | H295: =VLOOKUP(F295,Blad3!$1:$1048576,3,FALSE) -> 61450000 | I295: 0.06
A296: 8 | B296: (Bescherm)kledij en schoenen, en gerelateerde diensten | C296: Onderhoud werkkleding en andere artikelen | D296: Wasserij BUO | E296: Operationele werking | F296: 6145000200 | G296: Wasserij | H296: =VLOOKUP(F296,Blad3!$1:$1048576,3,FALSE) -> 61450000 | I296: 0
A297: 9 | B297: Medische- en verzorgingsproducten, schoonmaak | C297: Verzorgingsproducten | D297: Verzorgingsproducten | E297: Operationele werking | F297: 6145000100 | G297: Ben schoon/verz/med | H297: =VLOOKUP(F297,Blad3!$1:$1048576,3,FALSE) -> 61450000 | I297: 0.21
A298: 9 | B298: Medische- en verzorgingsproducten, schoonmaak | C298: Verzorgingsproducten | D298: Verzorgingsproducten | E298: Aankoop voor doorverkoop niet onderwijs | F298: 6030000300 | G298: Aank divers n ond | H298: =VLOOKUP(F298,Blad3!$1:$1048576,3,FALSE) -> 60330000 | I298: 0.21
... A306: 9 | B306: Medische- en verzorgingsproducten, schoonmaak | C306: Verzorgingsproducten | D306: Verzorgingsproducten buitenlandse leverancier | E306: Maximumfactuur | F306: 6030000100 | G306: MaxFac:mat/uitstap | H306: =VLOOKUP(F306,Blad3!$1:$1048576,3,FALSE) -> 60310100 | I306: 0.21
A307: 9 | B307: Medische- en verzorgingsproducten, schoonmaak | D307: Orthopedische & ergonomische materialen | E307: Operationele werking | F307: 6152001200 | G307: Med verzorg/hygiëne | H307: =VLOOKUP(F307,Blad3!$1:$1048576,3,FALSE) -> 61560000 | I307: 0.21
A308: 9 | B308: Medische- en verzorgingsproducten, schoonmaak | D308: Orthopedische & ergonomische materialen buitenlandse leverancier | E308: Operationele werking | F308: 6152001200 | G308: Med verzorg/hygiëne | H308: =VLOOKUP(F308,Blad3!$1:$1048576,3,FALSE) -> 61560000 | I308: 0.21
A309: 9 | B309: Medische- en verzorgingsproducten, schoonmaak | C309: Medische apparatuur | D309: Revalidatie en mobiliteitshulpmiddelen | E309: Operationele werking | F309: 6152001200 | G309: Med verzorg/hygiëne | H309: =VLOOKUP(F309,Blad3!$1:$1048576,3,FALSE) -> 61560000 | I309: 0.21
A310: 9 | B310: Medische- en verzorgingsproducten, schoonmaak | C310: Medische apparatuur | D310: Revalidatie en mobiliteitshulpmiddelen buitenlandse leverancier | E310: Operationele werking | F310: 6152001200 | G310: Med verzorg/hygiëne | H310: =VLOOKUP(F310,Blad3!$1:$1048576,3,FALSE) -> 61560000 | I310: 0.21
A311: 9 | B311: Medische- en verzorgingsproducten, schoonmaak | C311: Schoonmaakproducten en reinigingsmiddelen | D311: Reinigingsmiddelen en hygiëne producten scholen | E311: Operationele werking | F311: 6145000100 | G311: Ben schoon/verz/med | H311: =VLOOKUP(F311,Blad3!$1:$1048576,3,FALSE) -> 61450000 | I311: 0.21
A312: 9 | B312: Medische- en verzorgingsproducten, schoonmaak | D312: Farmaceutische producten en EHBO koffers | E312: Operationele werking | F312: 6152001200 | G312: Med verzorg/hygiëne | H312: =VLOOKUP(F312,Blad3!$1:$1048576,3,FALSE) -> 61560000 | I312: 0.06
A313: 9 | B313: Medische- en verzorgingsproducten, schoonmaak | D313: Vaccinatie | E313: Operationele werking | F313: 6152001200 | G313: Med verzorg/hygiëne | H313: =VLOOKUP(F313,Blad3!$1:$1048576,3,FALSE) -> 61560000 | I313: 0.06
A314: 10 | B314: Publiciteit, merchandising en communicatie | D314: Attentiebeleid- geschenken buitenlandse leverancier incl. pref | E314: (Verbruik) Personeel / leerlingen | F314: 6152000300 | G314: Recepties/vergader | H314: =VLOOKUP(F314,Blad3!$1:$1048576,3,FALSE) -> 61530000 | I314: 0
A315: 10 | B315: Publiciteit, merchandising en communicatie | D315: Attentiebeleid- geschenken buitenlandse leverancier incl. pref | E315: Representatie externen | F315: 6146000400 | G315: Representatiekosten | H315: =VLOOKUP(F315,Blad3!$1:$1048576,3,FALSE) -> 61460000 | I315: 0
A316: 10 | B316: Publiciteit, merchandising en communicatie | C316: Attentiebeleid | D316: Attentiebeleid- geschenken pref. | E316: Operationele werking | F316: 6152000300 | G316: Recepties/vergader | H316: =VLOOKUP(F316,Blad3!$1:$1048576,3,FALSE) -> 61530000 | I316: 0
A317: 10 | B317: Publiciteit, merchandising en communicatie | C317: Attentiebeleid | D317: Attentiebeleid- geschenken pref. | E317: Representatie externen | F317: 6146000400 | G317: Representatiekosten | H317: =VLOOKUP(F317,Blad3!$1:$1048576,3,FALSE) -> 61460000 | I317: 0
A318: 10 | B318: Publiciteit, merchandising en communicatie | C318: Merchandising en citydressing | D318: Merchandising en citydressing | E318: Evenementen (bv infodagen & personeelsfeest) | F318: 6152000200 | G318: Personeelsactiviteit | H318: =VLOOKUP(F318,Blad3!$1:$1048576,3,FALSE) -> 61520002 | I318: 0.21
A319: 10 | B319: Publiciteit, merchandising en communicatie | C319: Merchandising en citydressing | D319: Merchandising en citydressing | E319: Recepties & vergaderingen personeel / leerlingen | F319: 6152000300 | G319: Recepties/vergader | H319: =VLOOKUP(F319,Blad3!$1:$1048576,3,FALSE) -> 61530000 | I319: 0.21
A320: 10 | B320: Publiciteit, merchandising en communicatie | C320: Merchandising en citydressing | D320: Merchandising en citydressing | E320: Projectwerking | F320: 6161000300 | G320: Projecten | H320: =VLOOKUP(F320,Blad3!$1:$1048576,3,FALSE) -> 61613000 | I320: 0.21
A321: 10 | B321: Publiciteit, merchandising en communicatie | C321: Online diensten | D321: Online diensten - digitale marketing | E321: Operationele werking | F321: 6146000300 | G321: Publi/advertenties | H321: =VLOOKUP(F321,Blad3!$1:$1048576,3,FALSE) -> 61460000 | I321: 0.06
A322: 10 | B322: Publiciteit, merchandising en communicatie | C322: Online diensten | D322: Online diensten - digitale marketing | E322: Evenementen (bv infodagen & personeelsfeest) | F322: 6152000200 | G322: Personeelsactiviteit | H322: =VLOOKUP(F322,Blad3!$1:$1048576,3,FALSE) -> 61520002 | I322: 0.06
A323: 10 | B323: Publiciteit, merchandising en communicatie | C323: Online diensten | D323: Online diensten - digitale marketing buitenlandse leverancier | E323: Operationele werking | F323: 6146000300 | G323: Publi/advertenties | H323: =VLOOKUP(F323,Blad3!$1:$1048576,3,FALSE) -> 61460000 | I323: 0.06
A324: 10 | B324: Publiciteit, merchandising en communicatie | C324: Online diensten | D324: Online diensten - digitale marketing buitenlandse leverancier | E324: Evenementen (bv infodagen & personeelsfeest) | F324: 6152000200 | G324: Personeelsactiviteit | H324: =VLOOKUP(F324,Blad3!$1:$1048576,3,FALSE) -> 61520002 | I324: 0.06
A325: 10 | B325: Publiciteit, merchandising en communicatie | C325: Online diensten | D325: Online diensten - publiciteit | E325: Operationele werking | F325: 6146000300 | G325: Publi/advertenties | H325: =VLOOKUP(F325,Blad3!$1:$1048576,3,FALSE) -> 61460000 | I325: 0.06
A326: 10 | B326: Publiciteit, merchandising en communicatie | C326: Online diensten | D326: Online diensten - publiciteit | E326: Evenementen (bv infodagen & personeelsfeest) | F326: 6152000200 | G326: Personeelsactiviteit | H326: =VLOOKUP(F326,Blad3!$1:$1048576,3,FALSE) -> 61520002 | I326: 0.06
A327: 10 | B327: Publiciteit, merchandising en communicatie | C327: Online diensten | D327: Online diensten - publiciteit buitenlandse leverancier | E327: Operationele werking | F327: 6146000300 | G327: Publi/advertenties | H327: =VLOOKUP(F327,Blad3!$1:$1048576,3,FALSE) -> 61460000 | I327: 0.06
... A412: 12 | B412: Consultancy, studies, zakelijke & artistieke diensten | C412: Consultancy | D412: Honoraria consultant | E412: Projectwerking | F412: 6130009000 | G412: Andere erelonen/verg | H412: =VLOOKUP(F412,Blad3!$1:$1048576,3,FALSE) -> 61310000 | I412: 0.21
A413: 12 | B413: Consultancy, studies, zakelijke & artistieke diensten | C413: Zakelijke diensten | D413: Cheque WIJK-WERKEN | E413: Operationele werking | F413: 4160100100 | G413: Accor/Edenred | I413: 0
A414: 12 | B414: Consultancy, studies, zakelijke & artistieke diensten | C414: Zakelijke diensten | D414: Inschrijvingsgeld wijk-werker | E414: Wijk-werker | F414: 6130001400 | G414: Wijkwerkcheques | H414: =VLOOKUP(F414,Blad3!$1:$1048576,3,FALSE) -> 61314000 | I414: 0
A415: 12 | B415: Consultancy, studies, zakelijke & artistieke diensten | C415: Artistieke diensten | D415: Auteursrechten SEMU | E415: Operationele werking | F415: 6130001000 | G415: Auteursrechten | H415: =VLOOKUP(F415,Blad3!$1:$1048576,3,FALSE) -> 61300000 | I415: 0.06
...

Sheet Blad3
A1: Externe ID GB-rek. | B1: Korte tekst | C1: Budgetpositie
A2: 2110000000 | B2: Conc oct lic kh | C2: 21100000
A3: 2231000000 | B3: VA erfp ond/werk | C3: 22310000
A4: 2300000000 | B4: Ins/ma/uitr | C4: 23000000
A5: 2301000000 | B5: Mach en gereed | C5: 23010000
A6: 2302000000 | B6: Uitr en inricht | C6: 23020000
A7: 2400000000 | B7: Meubilair | C7: 24000000
A8: 2402000000 | B8: Informatica mat | C8: 24020000
A9: 2406000000 | B9: Buitenspeeltuigen | C9: 24060000
A10: 2410000000 | B10: Fietsen | C10: 24100000
A11: 2420000000 | B11: Muziekinstrumenten | C11: 24200000
A12: 2510000000 | B12: Leas in/ma/uitr | C12: 25100000
A16: 6030000100 | B16: MaxFac:mat/uitstap | C16: 60310100
... A161: 6570009000 | B161: Andere fin kosten | C161: 65700000
